Date,Open,High,Low,Close,AdjClose,Volume,ATR10,ATR20,ATR40,ATR50,SMA25,SMA50,SMA100,SMA150,SMA200,ROC200,RSI3,RSI4,ADX7,DollarVolume20,DollarVolume50,AvgVolume50,ATR_Ratio,ATR_Pct,Return_3D,6D_Return,UpTwoDays,TwoDayUp,HV20,min_50,max_70,setup
2016-01-27,73.25,73.75,73.0,73.0,73.0,3600,0.0,0.0,0.0,0.0,,,,,,,,,0.0,,,,0.0,0.0,,,False,False,,,,0
2016-01-28,73.0,73.0,73.0,73.0,73.0,0,0.0,0.0,0.0,0.0,,,,,,,,,0.0,,,,0.0,0.0,,,False,False,,,,0
2016-01-29,73.0,73.0,73.0,73.0,73.0,0,0.0,0.0,0.0,0.0,,,,,,,100.0,,0.0,,,,0.0,0.0,,,False,False,,,,0
2016-02-01,73.0,73.0,73.0,73.0,73.0,0,0.0,0.0,0.0,0.0,,,,,,,100.0,100.0,0.0,,,,0.0,0.0,0.0,,False,False,,,,0
2016-02-02,73.0,73.0,73.0,73.0,73.0,0,0.0,0.0,0.0,0.0,,,,,,,100.0,100.0,0.0,,,,0.0,0.0,0.0,,False,False,,,,0
2016-02-03,73.0,73.0,73.0,73.0,73.0,0,0.0,0.0,0.0,0.0,,,,,,,100.0,100.0,0.0,,,,0.0,0.0,0.0,,False,False,,,,0
2016-02-04,73.0,73.0,73.0,73.0,73.0,0,0.0,0.0,0.0,0.0,,,,,,,100.0,100.0,0.0,,,,0.0,0.0,0.0,0.0,False,False,,,,0
2016-02-05,73.0,73.0,73.0,73.0,73.0,0,0.0,0.0,0.0,0.0,,,,,,,100.0,100.0,0.0,,,,0.0,0.0,0.0,0.0,False,False,,,,0
2016-02-08,73.0,73.0,73.0,73.0,73.0,0,0.0,0.0,0.0,0.0,,,,,,,100.0,100.0,0.0,,,,0.0,0.0,0.0,0.0,False,False,,,,0
2016-02-09,73.0,73.0,73.0,73.0,73.0,0,0.075,0.0,0.0,0.0,,,,,,,100.0,100.0,0.0,,,,0.0010273972602739725,0.0010273972602739,0.0,0.0,False,False,,,,0
2016-02-10,73.0,73.0,73.0,73.0,73.0,0,0.06749999999999999,0.0,0.0,0.0,,,,,,,100.0,100.0,0.0,,,,0.0009246575342465752,0.0009246575342465,0.0,0.0,False,False,,,,0
2016-02-11,73.0,73.0,73.0,73.0,73.0,0,0.06074999999999999,0.0,0.0,0.0,,,,,,,100.0,100.0,0.0,,,,0.0008321917808219177,0.0008321917808219,0.0,0.0,False,False,,,,0
2016-02-12,73.0,73.0,73.0,73.0,73.0,0,0.054674999999999994,0.0,0.0,0.0,,,,,,,100.0,100.0,0.0,,,,0.000748972602739726,0.0007489726027397,0.0,0.0,False,False,,,,0
2016-02-16,73.0,73.0,73.0,73.0,73.0,0,0.049207499999999994,0.0,0.0,0.0,,,,,,,100.0,100.0,0.0,,,,0.0006740753424657533,0.0006740753424657,0.0,0.0,False,False,,,,0
2016-02-17,73.0,73.0,73.0,73.0,73.0,0,0.04428675,0.0,0.0,0.0,,,,,,,100.0,100.0,0.0,,,,0.0006066678082191781,0.0006066678082191,0.0,0.0,False,False,,,,0
2016-02-18,73.0,73.0,73.0,73.0,73.0,0,0.039858075,0.0,0.0,0.0,,,,,,,100.0,100.0,0.0,,,,0.0005460010273972603,0.0005460010273972,0.0,0.0,False,False,,,,0
2016-02-19,73.0,73.0,73.0,73.0,73.0,0,0.0358722675,0.0,0.0,0.0,,,,,,,100.0,100.0,0.0,,,,0.0004914009246575343,0.0004914009246575,0.0,0.0,False,False,,,,0
2016-02-22,73.0,73.0,73.0,73.0,73.0,0,0.03228504075,0.0,0.0,0.0,,,,,,,100.0,100.0,0.0,,,,0.00044226083219178086,0.0004422608321917,0.0,0.0,False,False,,,,0
2016-02-23,73.0,73.0,73.0,73.0,73.0,0,0.029056536675,0.0,0.0,0.0,,,,,,,100.0,100.0,0.0,,,,0.00039803474897260276,0.0003980347489726,0.0,0.0,False,False,,,,0
2016-02-24,73.0,73.0,73.0,73.0,73.0,0,0.026150883007500004,0.0375,0.0,0.0,,,,,,,100.0,100.0,0.0,13140.0,,,0.00035823127407534253,0.0003582312740753,0.0,0.0,False,False,,,,0
2016-02-25,73.0,73.0,73.0,73.0,73.0,0,0.023535794706750005,0.035625,0.0,0.0,,,,,,,100.0,100.0,0.0,0.0,,,0.00032240814666780826,0.0003224081466678,0.0,0.0,False,False,0.0,,,0
2016-02-26,73.0,73.0,73.0,73.0,73.0,0,0.021182215236075004,0.03384375,0.0,0.0,,,,,,,100.0,100.0,0.0,0.0,,,0.00029016733200102745,0.000290167332001,0.0,0.0,False,False,0.0,,,0
2016-02-29,73.0,73.0,73.0,73.0,73.0,0,0.019063993712467503,0.0321515625,0.0,0.0,,,,,,,100.0,100.0,0.0,0.0,,,0.0002611505988009247,0.0002611505988009,0.0,0.0,False,False,0.0,,,0
2016-03-01,73.0,73.0,73.0,73.0,73.0,0,0.01715759434122075,0.030543984375,0.0,0.0,,,,,,,100.0,100.0,0.0,0.0,,,0.0002350355389208322,0.0002350355389208,0.0,0.0,False,False,0.0,,,0
2016-03-02,73.0,73.0,73.0,73.0,73.0,0,0.015441834907098675,0.02901678515625,0.0,0.0,73.0,,,,,,100.0,100.0,0.0,0.0,,,0.000211531985028749,0.0002115319850287,0.0,0.0,False,False,0.0,,,0
2016-03-03,73.0,73.0,73.0,73.0,73.0,0,0.013897651416388806,0.0275659458984375,0.0,0.0,73.0,,,,,,100.0,100.0,0.0,0.0,,,0.00019037878652587405,0.0001903787865258,0.0,0.0,False,False,0.0,,,0
2016-03-04,73.0,73.0,73.0,73.0,73.0,0,0.012507886274749924,0.0261876486035156,0.0,0.0,73.0,,,,,,100.0,100.0,0.0,0.0,,,0.00017134090787328664,0.0001713409078732,0.0,0.0,False,False,0.0,,,0
2016-03-07,73.0,73.0,73.0,73.0,73.0,0,0.011257097647274932,0.0248782661733398,0.0,0.0,73.0,,,,,,100.0,100.0,0.0,0.0,,,0.00015420681708595797,0.0001542068170859,0.0,0.0,False,False,0.0,,,0
2016-03-08,73.0,73.0,73.0,73.0,73.0,0,0.01013138788254744,0.0236343528646728,0.0,0.0,73.0,,,,,,100.0,100.0,0.0,0.0,,,0.0001387861353773622,0.0001387861353773,0.0,0.0,False,False,0.0,,,0
2016-03-09,73.0,73.0,73.0,73.0,73.0,0,0.009118249094292697,0.0224526352214392,0.0,0.0,73.0,,,,,,100.0,100.0,0.0,0.0,,,0.00012490752183962598,0.0001249075218396,0.0,0.0,False,False,0.0,,,0
2016-03-10,73.0,73.0,73.0,73.0,73.0,0,0.008206424184863427,0.0213300034603672,0.0,0.0,73.0,,,,,,100.0,100.0,0.0,0.0,,,0.00011241676965566338,0.0001124167696556,0.0,0.0,False,False,0.0,,,0
2016-03-11,73.0,73.0,73.0,73.0,73.0,0,0.0073857817663770834,0.0202635032873488,0.0,0.0,73.0,,,,,,100.0,100.0,0.0,0.0,,,0.00010117509269009703,0.00010117509269,0.0,0.0,False,False,0.0,,,0
2016-03-14,73.0,73.0,73.0,73.0,73.0,0,0.006647203589739375,0.0192503281229814,0.0,0.0,73.0,,,,,,100.0,100.0,0.0,0.0,,,9.105758342108734e-05,9.105758342108734e-05,0.0,0.0,False,False,0.0,,,0
2016-03-15,73.0,73.0,73.0,73.0,73.0,0,0.005982483230765437,0.0182878117168323,0.0,0.0,73.0,,,,,,100.0,100.0,0.0,0.0,,,8.19518250789786e-05,8.19518250789786e-05,0.0,0.0,False,False,0.0,,,0
2016-03-16,73.0,73.0,73.0,73.0,73.0,0,0.0053842349076888936,0.0173734211309907,0.0,0.0,73.0,,,,,,100.0,100.0,0.0,0.0,,,7.375664257108074e-05,7.375664257108074e-05,0.0,0.0,False,False,0.0,,,0
2016-03-17,73.0,73.0,73.0,73.0,73.0,0,0.004845811416920004,0.0165047500744412,0.0,0.0,73.0,,,,,,100.0,100.0,0.0,0.0,,,6.638097831397265e-05,6.638097831397265e-05,0.0,0.0,False,False,0.0,,,0
2016-03-18,73.0,73.0,73.0,73.0,73.0,0,0.004361230275228003,0.0156795125707191,0.0,0.0,73.0,,,,,,100.0,100.0,0.0,0.0,,,5.974288048257539e-05,5.974288048257539e-05,0.0,0.0,False,False,0.0,,,0
2016-03-21,73.0,73.0,73.0,73.0,73.0,0,0.003925107247705202,0.0148955369421831,0.0,0.0,73.0,,,,,,100.0,100.0,0.0,0.0,,,5.376859243431784e-05,5.376859243431784e-05,0.0,0.0,False,False,0.0,,,0
2016-03-22,73.0,73.0,73.0,73.0,73.0,0,0.003532596522934682,0.014150760095074,0.0,0.0,73.0,,,,,,100.0,100.0,0.0,0.0,,,4.8391733190886054e-05,4.839173319088605e-05,0.0,0.0,False,False,0.0,,,0
2016-03-23,73.0,73.0,73.0,73.0,73.0,0,0.003179336870641214,0.0134432220903203,0.01875,0.0,73.0,,,,,,100.0,100.0,0.0,0.0,,,4.3552559871797455e-05,4.3552559871797455e-05,0.0,0.0,False,False,0.0,,,0
2016-03-24,73.0,73.0,73.0,73.0,73.0,0,0.0028614031835770925,0.0127710609858043,0.01828125,0.0,73.0,,,,,,100.0,100.0,0.0,0.0,,,3.91973038846177e-05,3.91973038846177e-05,0.0,0.0,False,False,0.0,,,0
2016-03-28,73.0,73.0,73.0,73.0,73.0,0,0.002575262865219383,0.0121325079365141,0.01782421875,0.0,73.0,,,,,,100.0,100.0,0.0,0.0,,,3.5277573496155934e-05,3.5277573496155934e-05,0.0,0.0,False,False,0.0,,,0
2016-03-29,73.0,73.0,73.0,73.0,73.0,0,0.002317736578697445,0.0115258825396883,0.01737861328125,0.0,73.0,,,,,,100.0,100.0,0.0,0.0,,,3.174981614654034e-05,3.174981614654034e-05,0.0,0.0,False,False,0.0,,,0
2016-03-30,73.0,73.0,73.0,73.0,73.0,0,0.0020859629208277003,0.0109495884127039,0.0169441479492187,0.0,73.0,,,,,,100.0,100.0,0.0,0.0,,,2.8574834531886305e-05,2.8574834531886305e-05,0.0,0.0,False,False,0.0,,,0
2016-03-31,73.0,73.0,73.0,73.0,73.0,0,0.0018773666287449301,0.0104021089920687,0.0165205442504882,0.0,73.0,,,,,,100.0,100.0,0.0,0.0,,,2.5717351078697673e-05,2.5717351078697677e-05,0.0,0.0,False,False,0.0,,,0
2016-04-01,73.0,73.0,73.0,73.0,73.0,0,0.0016896299658704372,0.0098820035424653,0.016107530644226,0.0,73.0,,,,,,100.0,100.0,0.0,0.0,,,2.314561597082791e-05,2.314561597082791e-05,0.0,0.0,False,False,0.0,,,0
2016-04-04,73.0,73.0,73.0,73.0,73.0,0,0.0015206669692833935,0.009387903365342,0.0157048423781204,0.0,73.0,,,,,,100.0,100.0,0.0,0.0,,,2.0831054373745118e-05,2.083105437374512e-05,0.0,0.0,False,False,0.0,,,0
2016-04-05,73.0,73.0,73.0,73.0,73.0,0,0.001368600272355054,0.0089185081970749,0.0153122213186674,0.0,73.0,,,,,,100.0,100.0,0.0,0.0,,,1.8747948936370605e-05,1.8747948936370605e-05,0.0,0.0,False,False,0.0,,,0
2016-04-06,73.0,73.0,73.0,73.0,73.0,0,0.0012317402451195486,0.0084725827872212,0.0149294157857007,0.0,73.0,,,,,,100.0,100.0,0.0,0.0,,,1.687315404273354e-05,1.687315404273354e-05,0.0,0.0,False,False,0.0,,,0
2016-04-07,73.0,73.0,73.0,73.0,73.0,0,0.0011085662206075937,0.0080489536478601,0.0145561803910582,0.015,73.0,73.0,,,,,100.0,100.0,0.0,0.0,5256.0,72.0,1.5185838638460188e-05,1.5185838638460188e-05,0.0,0.0,False,False,0.0,73.0,,0
2016-04-08,73.0,73.0,73.0,73.0,73.0,0,0.0009977095985468343,0.0076465059654671,0.0141922758812817,0.0147,73.0,73.0,,,,,100.0,100.0,0.0,0.0,0.0,0.0,1.366725477461417e-05,1.366725477461417e-05,0.0,0.0,False,False,0.0,73.0,,0
2016-04-11,73.0,73.0,73.0,73.0,73.0,0,0.000897938638692151,0.0072641806671937,0.0138374689842497,0.0144059999999999,73.0,73.0,,,,,100.0,100.0,0.0,0.0,0.0,0.0,1.2300529297152752e-05,1.2300529297152752e-05,0.0,0.0,False,False,0.0,73.0,,0
2016-04-12,73.0,73.0,73.0,73.0,73.0,0,0.0008081447748229359,0.0069009716338341,0.0134915322596434,0.0141178799999999,73.0,73.0,,,,,100.0,100.0,0.0,0.0,0.0,0.0,1.1070476367437478e-05,1.1070476367437478e-05,0.0,0.0,False,False,0.0,73.0,,0
2016-04-13,73.0,73.0,73.0,73.0,73.0,0,0.0007273302973406423,0.0065559230521424,0.0131542439531523,0.0138355223999999,73.0,73.0,,,,,100.0,100.0,0.0,0.0,0.0,0.0,9.963428730693731e-06,9.963428730693733e-06,0.0,0.0,False,False,0.0,73.0,,0
2016-04-14,73.0,73.0,73.0,73.0,73.0,0,0.0006545972676065781,0.0062281268995352,0.0128253878543235,0.0135588119519999,73.0,73.0,,,,,100.0,100.0,0.0,0.0,0.0,0.0,8.967085857624357e-06,8.967085857624357e-06,0.0,0.0,False,False,0.0,73.0,,0
2016-04-15,73.0,73.0,73.0,73.0,73.0,0,0.0005891375408459203,0.0059167205545585,0.0125047531579654,0.0132876357129599,73.0,73.0,,,,,100.0,100.0,0.0,0.0,0.0,0.0,8.070377271861923e-06,8.070377271861923e-06,0.0,0.0,False,False,0.0,73.0,,0
2016-04-18,73.0,73.0,73.0,73.0,73.0,0,0.0005302237867613283,0.0056208845268305,0.0121921343290163,0.0130218829987007,73.0,73.0,,,,,100.0,100.0,0.0,0.0,0.0,0.0,7.2633395446757306e-06,7.26333954467573e-06,0.0,0.0,False,False,0.0,73.0,,0
2016-04-19,73.0,73.0,73.0,73.0,73.0,0,0.00047720140808519553,0.005339840300489,0.0118873309707909,0.0127614453387267,73.0,73.0,,,,,100.0,100.0,0.0,0.0,0.0,0.0,6.537005590208158e-06,6.537005590208158e-06,0.0,0.0,False,False,0.0,73.0,,0
2016-04-20,73.0,73.0,73.0,73.0,73.0,0,0.000429481267276676,0.0050728482854646,0.0115901476965211,0.0125062164319522,73.0,73.0,,,,,100.0,100.0,0.0,0.0,0.0,0.0,5.883305031187343e-06,5.883305031187343e-06,0.0,0.0,False,False,0.0,73.0,,0
2016-04-21,73.0,73.0,73.0,73.0,73.0,0,0.0003865331405490084,0.0048192058711913,0.0113003940041081,0.0122560921033132,73.0,73.0,,,,,100.0,100.0,0.0,0.0,0.0,0.0,5.294974528068608e-06,5.294974528068608e-06,0.0,0.0,False,False,0.0,73.0,,0
2016-04-22,73.0,73.0,73.0,73.0,73.0,0,0.0003478798264941076,0.0045782455776318,0.0110178841540054,0.0120109702612469,73.0,73.0,,,,,100.0,100.0,0.0,0.0,0.0,0.0,4.765477075261748e-06,4.765477075261748e-06,0.0,0.0,False,False,0.0,73.0,,0
2016-04-25,73.0,73.0,73.0,73.0,73.0,0,0.00031309184384469685,0.0043493332987502,0.0107424370501552,0.0117707508560219,73.0,73.0,,,,,100.0,100.0,0.0,0.0,0.0,0.0,4.288929367735574e-06,4.288929367735574e-06,0.0,0.0,False,False,0.0,73.0,,0
2016-04-26,73.0,73.0,73.0,73.0,73.0,0,0.00028178265946022716,0.0041318666338127,0.0104738761239014,0.0115353358389015,73.0,73.0,,,,,100.0,100.0,0.0,0.0,0.0,0.0,3.860036430962016e-06,3.860036430962016e-06,0.0,0.0,False,False,0.0,73.0,,0
2016-04-27,73.0,73.0,73.0,73.0,73.0,0,0.00025360439351420445,0.003925273302122,0.0102120292208038,0.0113046291221235,73.0,73.0,,,,,100.0,100.0,0.0,0.0,0.0,0.0,3.4740327878658144e-06,3.4740327878658144e-06,0.0,0.0,False,False,0.0,73.0,,0
2016-04-28,73.0,73.0,73.0,73.0,73.0,0,0.000228243954162784,0.0037290096370159,0.0099567284902837,0.011078536539681,73.0,73.0,,,,,100.0,100.0,0.0,0.0,0.0,0.0,3.1266295090792332e-06,3.126629509079233e-06,0.0,0.0,False,False,0.0,73.0,,0
2016-04-29,73.0,73.0,73.0,73.0,73.0,0,0.0002054195587465056,0.0035425591551651,0.0097078102780266,0.0108569658088874,73.0,73.0,,,,,100.0,100.0,0.0,0.0,0.0,0.0,2.8139665581713096e-06,2.8139665581713096e-06,0.0,0.0,False,False,0.0,73.0,,0
2016-05-02,73.0,73.0,73.0,73.0,73.0,0,0.00018487760287185504,0.0033654311974069,0.009465115021076,0.0106398264927096,73.0,73.0,,,,,100.0,100.0,0.0,0.0,0.0,0.0,2.5325699023541788e-06,2.5325699023541788e-06,0.0,0.0,False,False,0.0,73.0,,0
2016-05-03,73.0,73.0,73.0,73.0,73.0,0,0.00016638984258466954,0.0031971596375365,0.0092284871455491,0.0104270299628554,73.0,73.0,,,,,100.0,100.0,0.0,0.0,0.0,0.0,2.279312912118761e-06,2.279312912118761e-06,0.0,0.0,False,False,0.0,73.0,,0
2016-05-04,73.0,73.0,73.0,73.0,73.0,0,0.00014975085832620257,0.0030373016556597,0.0089977749669103,0.0102184893635983,73.0,73.0,,,,,100.0,100.0,0.0,0.0,0.0,0.0,2.0513816209068845e-06,2.0513816209068845e-06,0.0,0.0,False,False,0.0,73.0,,0
2016-05-05,73.0,73.0,73.0,73.0,73.0,0,0.00013477577249358232,0.0028854365728767,0.0087728305927376,0.0100141195763264,73.0,73.0,,,,,100.0,100.0,0.0,0.0,0.0,0.0,1.8462434588161962e-06,1.846243458816196e-06,0.0,0.0,False,False,0.0,73.0,73.0,0
2016-05-06,73.0,73.0,73.0,73.0,73.0,0,0.00012129819524422408,0.0027411647442329,0.0085535098279191,0.0098138371847998,73.0,73.0,,,,,100.0,100.0,0.0,0.0,0.0,0.0,1.6616191129345765e-06,1.6616191129345763e-06,0.0,0.0,False,False,0.0,73.0,73.0,0
2016-05-09,73.0,73.0,73.0,73.0,73.0,0,0.00010916837571980167,0.0026041065070212,0.0083396720822212,0.0096175604411038,73.0,73.0,,,,,100.0,100.0,0.0,0.0,0.0,0.0,1.4954572016411188e-06,1.4954572016411188e-06,0.0,0.0,False,False,0.0,73.0,73.0,0
2016-05-10,73.0,73.0,73.0,73.0,73.0,0,9.825153814782152e-05,0.0024739011816702,0.0081311802801656,0.0094252092322818,73.0,73.0,,,,,100.0,100.0,0.0,0.0,0.0,0.0,1.3459114814770072e-06,1.3459114814770072e-06,0.0,0.0,False,False,0.0,73.0,73.0,0
2016-05-11,73.0,73.0,73.0,73.0,73.0,0,8.842638433303936e-05,0.0023502061225866,0.0079279007731615,0.0092367050476361,73.0,73.0,,,,,100.0,100.0,0.0,0.0,0.0,0.0,1.2113203333293064e-06,1.2113203333293064e-06,0.0,0.0,False,False,0.0,73.0,73.0,0
2016-05-12,73.0,73.0,73.0,73.0,73.0,0,7.958374589973542e-05,0.0022326958164573,0.0077297032538325,0.0090519709466834,73.0,73.0,,,,,100.0,100.0,0.0,0.0,0.0,0.0,1.0901882999963756e-06,1.0901882999963756e-06,0.0,0.0,False,False,0.0,73.0,73.0,0
2016-05-13,73.0,73.0,73.0,73.0,73.0,0,7.162537130976189e-05,0.0021210610256344,0.0075364606724866,0.0088709315277497,73.0,73.0,,,,,100.0,100.0,0.0,0.0,0.0,0.0,9.81169469996738e-07,9.81169469996738e-07,0.0,0.0,False,False,0.0,73.0,73.0,0
2016-05-16,73.0,73.0,73.0,73.0,73.0,0,6.446283417878569e-05,0.0020150079743527,0.0073480491556745,0.0086935128971947,73.0,73.0,,,,,100.0,100.0,0.0,0.0,0.0,0.0,8.830525229970643e-07,8.830525229970643e-07,0.0,0.0,False,False,0.0,73.0,73.0,0
2016-05-17,73.0,73.0,73.0,73.0,73.0,0,5.801655076090712e-05,0.0019142575756351,0.0071643479267826,0.0085196426392508,73.0,73.0,,,,,100.0,100.0,0.0,0.0,0.0,0.0,7.947472706973578e-07,7.947472706973578e-07,0.0,0.0,False,False,0.0,73.0,73.0,0
2016-05-18,73.0,73.0,73.0,73.0,73.0,0,5.22148956848164e-05,0.0018185446968533,0.006985239228613,0.0083492497864658,73.0,73.0,,,,,100.0,100.0,0.0,0.0,0.0,0.0,7.15272543627622e-07,7.15272543627622e-07,0.0,0.0,False,False,0.0,73.0,73.0,0
2016-05-19,73.0,73.0,73.0,73.0,73.0,0,4.699340611633476e-05,0.0017276174620107,0.0068106082478977,0.0081822647907365,73.0,73.0,,,,,100.0,100.0,0.0,0.0,0.0,0.0,6.437452892648597e-07,6.437452892648597e-07,0.0,0.0,False,False,0.0,73.0,73.0,0
2016-05-20,73.0,73.0,73.0,73.0,73.0,0,4.229406550470128e-05,0.0016412365889101,0.0066403430417003,0.0080186194949218,73.0,73.0,,,,,100.0,100.0,0.0,0.0,0.0,0.0,5.793707603383737e-07,5.793707603383737e-07,0.0,0.0,False,False,0.0,73.0,73.0,0
2016-05-23,73.0,73.0,73.0,73.0,73.0,0,3.8064658954231154e-05,0.0015591747594646,0.0064743344656578,0.0078582471050233,73.0,73.0,,,,,100.0,100.0,0.0,0.0,0.0,0.0,5.214336843045363e-07,5.214336843045363e-07,0.0,0.0,False,False,0.0,73.0,73.0,0
2016-05-24,73.0,73.0,73.0,73.0,73.0,0,3.425819305880804e-05,0.0014812160214914,0.0063124761040163,0.0077010821629229,73.0,73.0,,,,,100.0,100.0,0.0,0.0,0.0,0.0,4.692903158740827e-07,4.692903158740827e-07,0.0,0.0,False,False,0.0,73.0,73.0,0
2016-05-25,73.0,73.0,73.0,73.0,73.0,0,3.0832373752927234e-05,0.0014071552204168,0.0061546642014159,0.0075470605196644,73.0,73.0,,,,,100.0,100.0,0.0,0.0,0.0,0.0,4.223612842866744e-07,4.223612842866744e-07,0.0,0.0,False,False,0.0,73.0,73.0,0
2016-05-26,73.0,73.0,73.0,73.0,73.0,0,2.7749136377634508e-05,0.001336797459396,0.0060007975963805,0.0073961193092711,73.0,73.0,,,,,100.0,100.0,0.0,0.0,0.0,0.0,3.8012515585800695e-07,3.80125155858007e-07,0.0,0.0,False,False,0.0,73.0,73.0,0
2016-05-27,73.0,73.0,73.0,73.0,73.0,0,2.497422273987106e-05,0.0012699575864262,0.005850777656471,0.0072481969230857,73.0,73.0,,,,,100.0,100.0,0.0,0.0,0.0,0.0,3.421126402722063e-07,3.421126402722063e-07,0.0,0.0,False,False,0.0,73.0,73.0,0
2016-05-31,73.0,73.0,73.0,73.0,73.0,0,2.2476800465883955e-05,0.0012064597071049,0.0057045082150592,0.007103232984624,73.0,73.0,,,,,100.0,100.0,0.0,0.0,0.0,0.0,3.079013762449857e-07,3.079013762449857e-07,0.0,0.0,False,False,0.0,73.0,73.0,0
2016-06-01,73.0,73.0,73.0,73.0,73.0,0,2.022912041929556e-05,0.0011461367217496,0.0055618955096827,0.0069611683249315,73.0,73.0,,,,,100.0,100.0,0.0,0.0,0.0,0.0,2.771112386204871e-07,2.771112386204871e-07,0.0,0.0,False,False,0.0,73.0,73.0,0
2016-06-02,73.0,73.0,73.0,73.0,73.0,0,1.8206208377366003e-05,0.0010888298856621,0.0054228481219407,0.0068219449584329,73.0,73.0,,,,,100.0,100.0,0.0,0.0,0.0,0.0,2.4940011475843837e-07,2.494001147584384e-07,0.0,0.0,False,False,0.0,73.0,73.0,0
2016-06-03,73.0,73.0,73.0,73.0,73.0,0,1.6385587539629402e-05,0.001034388391379,0.0052872769188922,0.0066855060592642,73.0,73.0,,,,,100.0,100.0,0.0,0.0,0.0,0.0,2.2446010328259456e-07,2.2446010328259459e-07,0.0,0.0,False,False,0.0,73.0,73.0,0
2016-06-06,73.0,73.0,73.0,73.0,73.0,0,1.4747028785666463e-05,0.0009826689718101,0.0051550949959198,0.0065517959380789,73.0,73.0,,,,,100.0,100.0,0.0,0.0,0.0,0.0,2.0201409295433512e-07,2.0201409295433515e-07,0.0,0.0,False,False,0.0,73.0,73.0,0
2016-06-07,73.0,73.0,73.0,73.0,73.0,0,1.3272325907099818e-05,0.0009335355232196,0.0050262176210218,0.0064207600193173,73.0,73.0,,,,,100.0,100.0,0.0,0.0,0.0,0.0,1.818126836589016e-07,1.818126836589016e-07,0.0,0.0,False,False,0.0,73.0,73.0,0
2016-06-08,73.0,73.0,73.0,73.0,73.0,0,1.1945093316389836e-05,0.0008868587470586,0.0049005621804963,0.006292344818931,73.0,73.0,,,,,100.0,100.0,0.0,0.0,0.0,0.0,1.6363141529301145e-07,1.6363141529301145e-07,0.0,0.0,False,False,0.0,73.0,73.0,0
2016-06-09,73.0,73.0,73.0,73.0,73.0,0,1.0750583984750852e-05,0.0008425158097056,0.0047780481259839,0.0061664979225524,73.0,73.0,,,,,100.0,100.0,0.0,0.0,0.0,0.0,1.472682737637103e-07,1.472682737637103e-07,0.0,0.0,False,False,0.0,73.0,73.0,0
2016-06-10,73.0,73.0,73.0,73.0,73.0,0,9.675525586275766e-06,0.0008003900192204,0.0046585969228343,0.0060431679641013,73.0,73.0,,,,,100.0,100.0,0.0,0.0,0.0,0.0,1.3254144638733927e-07,1.325414463873393e-07,0.0,0.0,False,False,0.0,73.0,73.0,0
2016-06-13,73.0,73.0,73.0,73.0,73.0,0,8.707973027648189e-06,0.0007603705182593,0.0045421319997634,0.0059223046048193,73.0,73.0,,,,,100.0,100.0,0.0,0.0,0.0,0.0,1.1928730174860532e-07,1.1928730174860532e-07,0.0,0.0,False,False,0.0,73.0,73.0,0
2016-06-14,73.0,73.0,73.0,73.0,73.0,0,7.83717572488337e-06,0.0007223519923464,0.0044285786997693,0.0058038585127229,73.0,73.0,,,,,100.0,100.0,0.0,0.0,0.0,0.0,1.0735857157374479e-07,1.0735857157374482e-07,0.0,0.0,False,False,0.0,73.0,73.0,0
2016-06-15,73.0,73.0,73.0,73.0,73.0,0,7.0534581523950334e-06,0.000686234392729,0.0043178642322751,0.0056877813424685,73.0,73.0,,,,,100.0,100.0,0.0,0.0,0.0,0.0,9.662271441637032e-08,9.662271441637033e-08,0.0,0.0,False,False,0.0,73.0,73.0,0
2016-06-16,73.0,73.0,73.0,73.0,73.0,0,6.348112337155531e-06,0.0006519226730926,0.0042099176264682,0.0055740257156191,73.0,73.0,,,,,100.0,100.0,0.0,0.0,0.0,0.0,8.69604429747333e-08,8.69604429747333e-08,0.0,0.0,False,False,0.0,73.0,73.0,0
2016-06-17,73.0,73.0,73.0,73.0,73.0,0,5.713301103439978e-06,0.000619326539438,0.0041046696858065,0.0054625452013067,73.0,73.0,73.0,,,,100.0,100.0,0.0,0.0,0.0,0.0,7.826439867725997e-08,7.826439867725998e-08,0.0,0.0,False,False,0.0,73.0,73.0,0
2016-06-20,73.0,73.0,73.0,73.0,73.0,0,5.14197099309598e-06,0.0005883602124661,0.0040020529436614,0.0053532942972806,73.0,73.0,73.0,,,,100.0,100.0,0.0,0.0,0.0,0.0,7.043795880953397e-08,7.043795880953397e-08,0.0,0.0,False,False,0.0,73.0,73.0,0
2016-06-21,73.0,73.0,73.0,73.0,73.0,0,4.627773893786382e-06,0.0005589422018428,0.0039020016200698,0.005246228411335,73.0,73.0,73.0,,,,100.0,100.0,0.0,0.0,0.0,0.0,6.339416292858058e-08,6.339416292858059e-08,0.0,0.0,False,False,0.0,73.0,73.0,0
2016-06-22,73.0,73.0,73.0,73.0,73.0,0,4.164996504407744e-06,0.0005309950917506,0.0038044515795681,0.0051413038431083,73.0,73.0,73.0,,,,100.0,100.0,0.0,0.0,0.0,0.0,5.7054746635722515e-08,5.705474663572252e-08,0.0,0.0,False,False,0.0,73.0,73.0,0
2016-06-23,73.0,73.0,73.0,73.0,73.0,0,3.748496853966969e-06,0.0005044453371631,0.0037093402900789,0.0050384777662461,73.0,73.0,73.0,,,,100.0,100.0,0.0,0.0,0.0,0.0,5.1349271972150264e-08,5.134927197215026e-08,0.0,0.0,False,False,0.0,73.0,73.0,0
2016-06-24,73.0,73.0,73.0,73.0,73.0,0,3.373647168570272e-06,0.0004792230703049,0.0036166067828269,0.0049377082109212,73.0,73.0,73.0,,,,100.0,100.0,0.0,0.0,0.0,0.0,4.621434477493523e-08,4.621434477493523e-08,0.0,0.0,False,False,0.0,73.0,73.0,0
2016-06-27,73.0,73.0,73.0,73.0,73.0,0,3.036282451713245e-06,0.0004552619167897,0.0035261916132562,0.0048389540467027,73.0,73.0,73.0,,,,100.0,100.0,0.0,0.0,0.0,0.0,4.159291029744171e-08,4.159291029744171e-08,0.0,0.0,False,False,0.0,73.0,73.0,0
2016-06-28,73.0,73.0,73.0,73.0,73.0,0,2.7326542065419205e-06,0.0004324988209502,0.0034380368229248,0.0047421749657687,73.0,73.0,73.0,,,,100.0,100.0,0.0,0.0,0.0,0.0,3.743361926769754e-08,3.743361926769754e-08,0.0,0.0,False,False,0.0,73.0,73.0,0
2016-06-29,73.0,73.0,73.0,73.0,73.0,0,2.459388785887728e-06,0.0004108738799027,0.0033520859023517,0.0046473314664533,73.0,73.0,73.0,,,,100.0,100.0,0.0,0.0,0.0,0.0,3.369025734092778e-08,3.369025734092778e-08,0.0,0.0,False,False,0.0,73.0,73.0,0
2016-06-30,73.0,73.0,73.0,73.0,73.0,0,2.2134499072989553e-06,0.0003903301859075,0.0032682837547929,0.0045543848371242,73.0,73.0,73.0,,,,100.0,100.0,0.0,0.0,0.0,0.0,3.0321231606835005e-08,3.0321231606835005e-08,0.0,0.0,False,False,0.0,73.0,73.0,0
2016-07-01,73.0,73.0,73.0,73.0,73.0,0,1.9921049165690596e-06,0.0003708136766122,0.0031865766609231,0.0044632971403818,73.0,73.0,73.0,,,,100.0,100.0,0.0,0.0,0.0,0.0,2.7289108446151502e-08,2.7289108446151505e-08,0.0,0.0,False,False,0.0,73.0,73.0,0
2016-07-05,73.0,73.0,73.0,73.0,73.0,0,1.7928944249121536e-06,0.0003522729927816,0.0031069122444,0.0043740311975741,73.0,73.0,73.0,,,,100.0,100.0,0.0,0.0,0.0,0.0,2.4560197601536352e-08,2.4560197601536352e-08,0.0,0.0,False,False,0.0,73.0,73.0,0
2016-07-06,73.0,73.0,73.0,73.0,73.0,0,1.6136049824209383e-06,0.0003346593431425,0.00302923943829,0.0042865505736226,73.0,73.0,73.0,,,,100.0,100.0,0.0,0.0,0.0,0.0,2.2104177841382715e-08,2.2104177841382715e-08,0.0,0.0,False,False,0.0,73.0,73.0,0
2016-07-07,73.0,73.0,73.0,73.0,73.0,0,1.4522444841788445e-06,0.0003179263759853,0.0029535084523328,0.0042008195621502,73.0,73.0,73.0,,,,100.0,100.0,0.0,0.0,0.0,0.0,1.9893760057244444e-08,1.9893760057244444e-08,0.0,0.0,False,False,0.0,73.0,73.0,0
2016-07-08,73.0,73.0,73.0,73.0,73.0,0,1.30702003576096e-06,0.0003020300571861,0.0028796707410244,0.0041168031709072,73.0,73.0,73.0,,,,100.0,100.0,0.0,0.0,0.0,0.0,1.790438405152e-08,1.790438405152e-08,0.0,0.0,False,False,0.0,73.0,73.0,0
2016-07-11,73.0,73.0,73.0,73.0,73.0,0,1.176318032184864e-06,0.0002869285543268,0.0028076789724988,0.004034467107489,73.0,73.0,73.0,,,,100.0,100.0,0.0,0.0,0.0,0.0,1.6113945646368e-08,1.6113945646368e-08,0.0,0.0,False,False,0.0,73.0,73.0,0
2016-07-12,73.0,73.0,73.0,73.0,73.0,0,1.0586862289663775e-06,0.0002725821266104,0.0027374869981863,0.0039537777653393,73.0,73.0,73.0,,,,100.0,100.0,0.0,0.0,0.0,0.0,1.4502551081731198e-08,1.4502551081731198e-08,0.0,0.0,False,False,0.0,73.0,73.0,0
2016-07-13,73.0,73.0,73.0,73.0,73.0,0,9.528176060697397e-07,0.0002589530202799,0.0026690498232317,0.0038747022100325,73.0,73.0,73.0,,,,100.0,100.0,0.0,0.0,0.0,0.0,1.3052295973558078e-08,1.3052295973558078e-08,0.0,0.0,False,False,0.0,73.0,73.0,0
2016-07-14,73.0,73.0,73.0,73.0,73.0,0,8.575358454627658e-07,0.0002460053692659,0.0026023235776509,0.0037972081658318,73.0,73.0,73.0,,,,100.0,100.0,0.0,0.0,0.0,0.0,1.174706637620227e-08,1.174706637620227e-08,0.0,0.0,False,False,0.0,73.0,73.0,0
2016-07-15,73.0,73.0,73.0,73.0,73.0,0,7.717822609164892e-07,0.0002337051008026,0.0025372654882096,0.0037212640025152,73.0,73.0,73.0,,,,100.0,100.0,0.0,0.0,0.0,0.0,1.0572359738582044e-08,1.0572359738582044e-08,0.0,0.0,False,False,0.0,73.0,73.0,0
2016-07-18,73.0,73.0,73.0,73.0,73.0,0,6.946040348248403e-07,0.0002220198457625,0.0024738338510044,0.0036468387224649,73.0,73.0,73.0,,,,100.0,100.0,0.0,0.0,0.0,0.0,9.51512376472384e-09,9.515123764723841e-09,0.0,0.0,False,False,0.0,73.0,73.0,0
2016-07-19,73.0,73.0,73.0,73.0,73.0,0,6.251436313423563e-07,0.0002109188534743,0.0024119880047293,0.0035739019480156,73.0,73.0,73.0,,,,100.0,100.0,0.0,0.0,0.0,0.0,8.563611388251456e-09,8.563611388251456e-09,0.0,0.0,False,False,0.0,73.0,73.0,0
2016-07-20,73.0,73.0,73.0,73.0,73.0,0,5.626292682081206e-07,0.0002003729108006,0.002351688304611,0.0035024239090553,73.0,73.0,73.0,,,,100.0,100.0,0.0,0.0,0.0,0.0,7.707250249426311e-09,7.707250249426311e-09,0.0,0.0,False,False,0.0,73.0,73.0,0
2016-07-21,73.0,73.0,73.0,73.0,73.0,0,5.063663413873086e-07,0.0001903542652606,0.0022928960969958,0.0034323754308742,73.0,73.0,73.0,,,,100.0,100.0,0.0,0.0,0.0,0.0,6.93652522448368e-09,6.9365252244836804e-09,0.0,0.0,False,False,0.0,73.0,73.0,0
2016-07-22,73.0,73.0,73.0,73.0,73.0,0,4.5572970724857777e-07,0.0001808365519976,0.0022355736945709,0.0033637279222567,73.0,73.0,73.0,,,,100.0,100.0,0.0,0.0,0.0,0.0,6.242872702035312e-09,6.242872702035312e-09,0.0,0.0,False,False,0.0,73.0,73.0,0
2016-07-25,73.0,73.0,73.0,73.0,73.0,0,4.1015673652372e-07,0.0001717947243977,0.0021796843522066,0.0032964533638115,73.0,73.0,73.0,,,,100.0,100.0,0.0,0.0,0.0,0.0,5.61858543183178e-09,5.61858543183178e-09,0.0,0.0,False,False,0.0,73.0,73.0,0
2016-07-26,73.0,73.0,73.0,73.0,73.0,0,3.69141062871348e-07,0.0001632049881778,0.0021251922434014,0.0032305242965353,73.0,73.0,73.0,,,,100.0,100.0,0.0,0.0,0.0,0.0,5.056726888648603e-09,5.056726888648603e-09,0.0,0.0,False,False,0.0,73.0,73.0,0
2016-07-27,73.0,73.0,73.0,73.0,73.0,0,3.322269565842132e-07,0.0001550447387689,0.0020720624373164,0.0031659138106046,73.0,73.0,73.0,,,,100.0,100.0,0.0,0.0,0.0,0.0,4.551054199783742e-09,4.551054199783742e-09,0.0,0.0,False,False,0.0,73.0,73.0,0
2016-07-28,73.0,73.0,73.0,73.0,73.0,0,2.990042609257919e-07,0.0001472925018305,0.0020202608763835,0.0031025955343925,73.0,73.0,73.0,,,,100.0,100.0,0.0,0.0,0.0,0.0,4.095948779805368e-09,4.095948779805368e-09,0.0,0.0,False,False,0.0,73.0,73.0,0
2016-07-29,73.0,73.0,73.0,73.0,73.0,0,2.691038348332127e-07,0.0001399278767389,0.0019697543544739,0.0030405436237047,73.0,73.0,73.0,,,,100.0,100.0,0.0,0.0,0.0,0.0,3.6863539018248314e-09,3.6863539018248318e-09,0.0,0.0,False,False,0.0,73.0,73.0,0
2016-08-01,73.0,73.0,73.0,73.0,73.0,0,2.421934513498914e-07,0.000132931482902,0.001920510495612,0.0029797327512306,73.0,73.0,73.0,,,,100.0,100.0,0.0,0.0,0.0,0.0,3.3177185116423483e-09,3.3177185116423483e-09,0.0,0.0,False,False,0.0,73.0,73.0,0
2016-08-02,73.0,73.0,73.0,73.0,73.0,0,2.179741062149023e-07,0.0001262849087569,0.0018724977332217,0.002920138096206,73.0,73.0,73.0,,,,100.0,100.0,0.0,0.0,0.0,0.0,2.9859466604781137e-09,2.9859466604781133e-09,0.0,0.0,False,False,0.0,73.0,73.0,0
2016-08-03,73.0,73.0,73.0,73.0,73.0,0,1.9617669559341207e-07,0.000119970663319,0.0018256852898912,0.0028617353342818,73.0,73.0,73.0,,,,100.0,100.0,0.0,0.0,0.0,0.0,2.6873519944303022e-09,2.6873519944303022e-09,0.0,0.0,False,False,0.0,73.0,73.0,0
2016-08-04,73.0,73.0,73.0,73.0,73.0,0,1.7655902603407084e-07,0.0001139721301531,0.0017800431576439,0.0028045006275962,73.0,73.0,73.0,,,,100.0,100.0,0.0,0.0,0.0,0.0,2.4186167949872717e-09,2.4186167949872717e-09,0.0,0.0,False,False,0.0,73.0,73.0,0
2016-08-05,73.0,73.0,73.0,73.0,73.0,0,1.5890312343066376e-07,0.0001082735236454,0.0017355420787028,0.0027484106150443,73.0,73.0,73.0,,,,100.0,100.0,0.0,0.0,0.0,0.0,2.1767551154885445e-09,2.176755115488544e-09,0.0,0.0,False,False,0.0,73.0,73.0,0
2016-08-08,73.0,73.0,73.0,73.0,73.0,0,1.4301281108759738e-07,0.0001028598474631,0.0016921535267352,0.0026934424027434,73.0,73.0,73.0,,,,100.0,100.0,0.0,0.0,0.0,0.0,1.95907960393969e-09,1.95907960393969e-09,0.0,0.0,False,False,0.0,73.0,73.0,0
2016-08-09,73.0,73.0,73.0,73.0,73.0,0,1.2871152997883763e-07,9.771685509003944e-05,0.0016498496885669,0.0026395735546885,73.0,73.0,73.0,,,,100.0,100.0,0.0,0.0,0.0,0.0,1.763171643545721e-09,1.763171643545721e-09,0.0,0.0,False,False,0.0,73.0,73.0,0
2016-08-10,73.0,73.0,73.0,73.0,73.0,0,1.1584037698095386e-07,9.283101233553746e-05,0.0016086034463527,0.0025867820835947,73.0,73.0,73.0,,,,100.0,100.0,0.0,0.0,0.0,0.0,1.5868544791911487e-09,1.5868544791911487e-09,0.0,0.0,False,False,0.0,73.0,73.0,0
2016-08-11,73.0,73.0,73.0,73.0,73.0,0,1.0425633928285848e-07,8.81894617187606e-05,0.0015683883601939,0.0025350464419228,73.0,73.0,73.0,,,,100.0,100.0,0.0,0.0,0.0,0.0,1.4281690312720339e-09,1.4281690312720339e-09,0.0,0.0,False,False,0.0,73.0,73.0,0
2016-08-12,73.0,73.0,73.0,73.0,73.0,0,9.383070535457263e-08,8.377998863282258e-05,0.001529178651189,0.0024843455130844,73.0,73.0,73.0,,,,100.0,100.0,0.0,0.0,0.0,0.0,1.2853521281448304e-09,1.2853521281448302e-09,0.0,0.0,False,False,0.0,73.0,73.0,0
2016-08-15,73.0,73.0,73.0,73.0,73.0,0,8.444763481911536e-08,7.959098920118145e-05,0.0014909491849093,0.0024346586028227,73.0,73.0,73.0,,,,100.0,100.0,0.0,0.0,0.0,0.0,1.1568169153303473e-09,1.1568169153303471e-09,0.0,0.0,False,False,0.0,73.0,73.0,0
2016-08-16,73.0,73.0,73.0,73.0,73.0,0,7.600287133720382e-08,7.561143974112237e-05,0.0014536754552866,0.0023859654307662,73.0,73.0,73.0,,,,100.0,100.0,0.0,0.0,0.0,0.0,1.0411352237973126e-09,1.0411352237973126e-09,0.0,0.0,False,False,0.0,73.0,73.0,0
2016-08-17,73.0,73.0,73.0,73.0,73.0,0,6.840258420348345e-08,7.183086775406626e-05,0.0014173335689044,0.0023382461221509,73.0,73.0,73.0,,,,100.0,100.0,0.0,0.0,0.0,0.0,9.370217014175815e-10,9.370217014175815e-10,0.0,0.0,False,False,0.0,73.0,73.0,0
2016-08-18,73.0,73.0,73.0,73.0,73.0,0,6.15623257831351e-08,6.823932436636295e-05,0.0013819002296818,0.0022914811997079,73.0,73.0,73.0,,,,100.0,100.0,0.0,0.0,0.0,0.0,8.433195312758233e-10,8.433195312758232e-10,0.0,0.0,False,False,0.0,73.0,73.0,0
2016-08-19,73.0,73.0,73.0,73.0,73.0,0,5.540609320482159e-08,6.48273581480448e-05,0.0013473527239397,0.0022456515757137,73.0,73.0,73.0,,,,100.0,100.0,0.0,0.0,0.0,0.0,7.58987578148241e-10,7.58987578148241e-10,0.0,0.0,False,False,0.0,73.0,73.0,0
2016-08-22,73.0,73.0,73.0,73.0,73.0,0,4.986548388433944e-08,6.158599024064256e-05,0.0013136689058412,0.0022007385441995,73.0,73.0,73.0,,,,100.0,100.0,0.0,0.0,0.0,0.0,6.830888203334169e-10,6.830888203334168e-10,0.0,0.0,False,False,0.0,73.0,73.0,0
2016-08-23,73.0,73.0,73.0,73.0,73.0,0,4.4878935495905494e-08,5.850669072861044e-05,0.0012808271831952,0.0021567237733155,73.0,73.0,73.0,,,,100.0,100.0,0.0,0.0,0.0,0.0,6.147799383000752e-10,6.147799383000751e-10,0.0,0.0,False,False,0.0,73.0,73.0,0
2016-08-24,73.0,73.0,73.0,73.0,73.0,0,4.039104194631495e-08,5.558135619217992e-05,0.0012488065036153,0.0021135892978492,73.0,73.0,73.0,,,,100.0,100.0,0.0,0.0,0.0,0.0,5.533019444700678e-10,5.533019444700678e-10,0.0,0.0,False,False,0.0,73.0,73.0,0
2016-08-25,73.0,73.0,73.0,73.0,73.0,0,3.635193775168345e-08,5.280228838257092e-05,0.0012175863410249,0.0020713175118922,73.0,73.0,73.0,,,,100.0,100.0,0.0,0.0,0.0,0.0,4.97971750023061e-10,4.97971750023061e-10,0.0,0.0,False,False,0.0,73.0,73.0,0
2016-08-26,73.0,73.0,73.0,73.0,73.0,0,3.271674397651511e-08,5.016217396344238e-05,0.0011871466824993,0.0020298911616543,73.0,73.0,73.0,,,,100.0,100.0,0.0,0.0,0.0,0.0,4.481745750207549e-10,4.4817457502075487e-10,0.0,0.0,False,False,0.0,73.0,73.0,0
2016-08-29,73.0,73.0,73.0,73.0,73.0,0,2.94450695788636e-08,4.7654065265270254e-05,0.0011574680154368,0.0019892933384212,73.0,73.0,73.0,73.0,,,100.0,100.0,0.0,0.0,0.0,0.0,4.033571175186794e-10,4.0335711751867936e-10,0.0,0.0,False,False,0.0,73.0,73.0,0
2016-08-30,73.0,73.0,73.0,73.0,73.0,0,2.650056262097724e-08,4.527136200200674e-05,0.0011285313150509,0.0019495074716528,73.0,73.0,73.0,73.0,,,100.0,100.0,0.0,0.0,0.0,0.0,3.6302140576681153e-10,3.630214057668115e-10,0.0,0.0,False,False,0.0,73.0,73.0,0
2016-08-31,73.0,73.0,73.0,73.0,73.0,0,2.3850506358879516e-08,4.30077939019064e-05,0.0011003180321746,0.0019105173222198,73.0,73.0,73.0,73.0,,,100.0,100.0,0.0,0.0,0.0,0.0,3.267192651901304e-10,3.267192651901304e-10,0.0,0.0,False,False,0.0,73.0,73.0,0
2016-09-01,73.0,73.0,73.0,73.0,73.0,0,2.1465455722991567e-08,4.085740420681109e-05,0.0010728100813703,0.0018723069757754,73.0,73.0,73.0,73.0,,,100.0,100.0,0.0,0.0,0.0,0.0,2.9404733867111736e-10,2.9404733867111736e-10,0.0,0.0,False,False,0.0,73.0,73.0,0
2016-09-02,73.0,73.0,73.0,73.0,73.0,0,1.931891015069241e-08,3.881453399647053e-05,0.001045989829336,0.0018348608362599,73.0,73.0,73.0,73.0,,,100.0,100.0,0.0,0.0,0.0,0.0,2.646426048040056e-10,2.6464260480400555e-10,0.0,0.0,False,False,0.0,73.0,73.0,0
2016-09-06,73.0,73.0,73.0,73.0,73.0,0,1.7387019135623168e-08,3.687380729664701e-05,0.0010198400836026,0.0017981636195347,73.0,73.0,73.0,73.0,,,100.0,100.0,0.0,0.0,0.0,0.0,2.38178344323605e-10,2.38178344323605e-10,0.0,0.0,False,False,0.0,73.0,73.0,0
2016-09-07,73.0,73.0,73.0,73.0,73.0,0,1.564831722206085e-08,3.503011693181466e-05,0.0009943440815125,0.001762200347144,73.0,73.0,73.0,73.0,,,100.0,100.0,0.0,0.0,0.0,0.0,2.1436050989124454e-10,2.143605098912445e-10,0.0,0.0,False,False,0.0,73.0,73.0,0
2016-09-08,73.0,73.0,73.0,73.0,73.0,0,1.4083485499854766e-08,3.327861108522393e-05,0.0009694854794747,0.0017269563402011,73.0,73.0,73.0,73.0,,,100.0,100.0,0.0,0.0,0.0,0.0,1.9292445890212007e-10,1.9292445890212007e-10,0.0,0.0,False,False,0.0,73.0,73.0,0
2016-09-09,73.0,73.0,73.0,73.0,73.0,0,1.2675136949869288e-08,3.161468053096273e-05,0.0009452483424879,0.0016924172133971,73.0,73.0,73.0,73.0,,,100.0,100.0,0.0,0.0,0.0,0.0,1.7363201301190806e-10,1.7363201301190806e-10,0.0,0.0,False,False,0.0,73.0,73.0,0
2016-09-12,73.0,73.0,73.0,73.0,73.0,0,1.140762325488236e-08,3.0033946504414595e-05,0.0009216171339257,0.0016585688691291,73.0,73.0,73.0,73.0,,,100.0,100.0,0.0,0.0,0.0,0.0,1.5626881171071724e-10,1.5626881171071724e-10,0.0,0.0,False,False,0.0,73.0,73.0,0
2016-09-13,73.0,73.0,73.0,73.0,73.0,0,1.0266860929394123e-08,2.8532249179193864e-05,0.0008985767055775,0.0016253974917465,73.0,73.0,73.0,73.0,,,100.0,100.0,0.0,0.0,0.0,0.0,1.4064193053964553e-10,1.406419305396455e-10,0.0,0.0,False,False,0.0,73.0,73.0,0
2016-09-14,73.0,73.0,73.0,73.0,73.0,0,9.240174836454711e-09,2.710563672023417e-05,0.0008761122879381,0.0015928895419116,73.0,73.0,73.0,73.0,,,100.0,100.0,0.0,0.0,0.0,0.0,1.2657773748568098e-10,1.2657773748568098e-10,0.0,0.0,False,False,0.0,73.0,73.0,0
2016-09-15,73.0,73.0,73.0,73.0,73.0,0,8.31615735280924e-09,2.575035488422246e-05,0.0008542094807396,0.0015610317510734,73.0,73.0,73.0,73.0,,,100.0,100.0,0.0,0.0,0.0,0.0,1.1391996373711289e-10,1.1391996373711287e-10,0.0,0.0,False,False,0.0,73.0,73.0,0
2016-09-16,73.0,73.0,73.0,73.0,73.0,0,7.484541617528316e-09,2.446283714001134e-05,0.0008328542437211,0.0015298111160519,73.0,73.0,73.0,73.0,,,100.0,100.0,0.0,0.0,0.0,0.0,1.0252796736340159e-10,1.0252796736340159e-10,0.0,0.0,False,False,0.0,73.0,73.0,0
2016-09-19,73.0,73.0,73.0,73.0,73.0,0,6.736087455775485e-09,2.323969528301077e-05,0.0008120328876281,0.0014992148937309,73.0,73.0,73.0,73.0,,,100.0,100.0,0.0,0.0,0.0,0.0,9.227517062706143e-11,9.227517062706143e-11,0.0,0.0,False,False,0.0,73.0,73.0,0
2016-09-20,73.0,73.0,73.0,73.0,73.0,0,6.062478710197936e-09,2.2077710518860235e-05,0.0007917320654374,0.0014692305958562,73.0,73.0,73.0,73.0,,,100.0,100.0,0.0,0.0,0.0,0.0,8.304765356435529e-11,8.304765356435529e-11,0.0,0.0,False,False,0.0,73.0,73.0,0
2016-09-21,73.0,73.0,73.0,73.0,73.0,0,5.456230839178143e-09,2.0973824992917223e-05,0.0007719387638015,0.0014398459839391,73.0,73.0,73.0,73.0,,,100.0,100.0,0.0,0.0,0.0,0.0,7.474288820791976e-11,7.474288820791976e-11,0.0,0.0,False,False,0.0,73.0,73.0,0
2016-09-22,73.0,73.0,73.0,73.0,73.0,0,4.910607755260328e-09,1.992513374327136e-05,0.0007526402947064,0.0014110490642603,73.0,73.0,73.0,73.0,,,100.0,100.0,0.0,0.0,0.0,0.0,6.726859938712778e-11,6.726859938712778e-11,0.0,0.0,False,False,0.0,73.0,73.0,0
2016-09-23,73.0,73.0,73.0,73.0,73.0,0,4.4195469797342954e-09,1.8928877056107792e-05,0.0007338242873388,0.0013828280829751,73.0,73.0,73.0,73.0,,,100.0,100.0,0.0,0.0,0.0,0.0,6.0541739448415e-11,6.0541739448415e-11,0.0,0.0,False,False,0.0,73.0,73.0,0
2016-09-26,73.0,73.0,73.0,73.0,73.0,0,3.977592281760866e-09,1.79824332033024e-05,0.0007154786801553,0.0013551715213156,73.0,73.0,73.0,73.0,,,100.0,100.0,0.0,0.0,0.0,0.0,5.448756550357351e-11,5.448756550357351e-11,0.0,0.0,False,False,0.0,73.0,73.0,0
2016-09-27,73.0,73.0,73.0,73.0,73.0,0,3.5798330535847793e-09,1.708331154313728e-05,0.0006975917131514,0.0013280680908893,73.0,73.0,73.0,73.0,,,100.0,100.0,0.0,0.0,0.0,0.0,4.9038808953216154e-11,4.903880895321616e-11,0.0,0.0,False,False,0.0,73.0,73.0,0
2016-09-28,63.5,63.5,62.0,62.0,62.0,2455,1.1000000032218498,0.5500162291459659,0.2756801519203227,0.2213015067290715,72.56,72.78,72.89,72.92666666666666,,,0.0,0.0,14.285714285714286,7610.5,3044.2,49.1,0.017741935535836285,0.0177419355358362,-0.15068493150684936,-0.1506849315068493,False,False,57.9746437491805,62.0,73.0,0
2016-09-29,62.0,62.0,62.0,62.0,62.0,0,0.9900000028996647,0.5225154176886677,0.2687881481223146,0.2168754765944901,72.12,72.56,72.78,72.85333333333334,,,0.0,0.0,26.53061224489796,7610.5,3044.2,49.1,0.015967741982252658,0.0159677419822526,-0.15068493150684936,-0.1506849315068493,False,False,57.9746437491805,62.0,73.0,0
2016-09-30,62.0,62.0,62.0,62.0,62.0,0,0.8910000026096982,0.4963896468042343,0.2620684444192567,0.2125379670626003,71.68,72.34,72.67,72.78,,,0.0,0.0,37.02623906705539,7610.5,3044.2,49.1,0.014370967784027392,0.0143709677840273,-0.15068493150684936,-0.1506849315068493,False,False,57.9746437491805,62.0,73.0,0
2016-10-03,62.0,62.0,62.0,62.0,62.0,0,0.8019000023487284,0.4715701644640226,0.2555167333087753,0.2082872077213483,71.24,72.12,72.56,72.70666666666666,,,0.0,0.0,46.02249062890462,7610.5,3044.2,49.1,0.012933871005624651,0.0129338710056246,0.0,-0.1506849315068493,False,False,57.9746437491805,62.0,73.0,0
2016-10-04,62.0,62.0,62.0,62.0,62.0,0,0.7217100021138555,0.4479916562408215,0.2491288149760559,0.2041214635669213,70.8,71.9,72.45,72.63333333333334,,,0.0,0.0,53.73356339620396,7610.5,3044.2,49.1,0.011640483905062185,0.0116404839050621,0.0,-0.1506849315068493,False,False,57.9746437491805,62.0,73.0,0
2016-10-05,62.0,62.0,62.0,62.0,62.0,0,0.6495390019024699,0.4255920734287804,0.2429005946016545,0.2000390342955829,70.36,71.68,72.34,72.56,,,0.0,0.0,60.34305433960339,7610.5,3044.2,49.1,0.010476435514555966,0.0104764355145559,0.0,-0.1506849315068493,False,False,57.9746437491805,62.0,73.0,0
2016-10-06,62.0,62.0,62.0,62.0,62.0,0,0.584585101712223,0.4043124697573415,0.2368280797366131,0.1960382536096712,69.92,71.46,72.23,72.48666666666666,,,0.0,0.0,66.00833229108862,7610.5,3044.2,49.1,0.009428791963100371,0.0094287919631003,0.0,0.0,False,False,57.9746437491805,62.0,73.0,0
2016-10-07,62.0,62.0,62.0,62.0,62.0,0,0.5261265915410007,0.3840968462694744,0.2309073777431978,0.1921174885374778,69.48,71.24,72.12,72.41333333333333,,,0.0,0.0,70.86428482093311,7610.5,3044.2,49.1,0.008485912766790334,0.0084859127667903,0.0,0.0,False,False,57.9746437491805,62.0,73.0,0
2016-10-10,62.0,62.0,62.0,62.0,62.0,0,0.47351393238690065,0.3648920039560007,0.2251346932996179,0.1882751387667282,69.04,71.02,72.01,72.34,,,0.0,0.0,75.0265298465141,7610.5,3044.2,49.1,0.0076373214901113,0.0076373214901113,0.0,0.0,False,False,57.9746437491805,62.0,73.0,0
2016-10-11,62.0,62.0,62.0,62.0,62.0,0,0.42616253914821056,0.3466474037582007,0.2195063259671275,0.1845096359913937,68.6,70.8,71.9,72.26666666666667,,,0.0,0.0,78.59416843986922,7610.5,3044.2,49.1,0.00687358934110017,0.0068735893411001,0.0,0.0,False,False,57.9746437491805,62.0,73.0,0
2016-10-12,62.0,62.0,62.0,62.0,62.0,0,0.3835462852333895,0.3293150335702907,0.2140186678179493,0.1808194432715658,68.16,70.58,71.79,72.19333333333333,,,0.0,0.0,81.65214437703075,7610.5,3044.2,49.1,0.006186230406990153,0.0061862304069901,0.0,0.0,False,False,57.9746437491805,62.0,73.0,0
2016-10-13,62.0,62.0,62.0,62.0,62.0,0,0.3451916567100506,0.3128492818917762,0.2086682011225005,0.1772030544061345,67.72,70.36,71.68,72.12,,,0.0,0.0,84.2732666088835,7610.5,3044.2,49.1,0.0055676073662911385,0.0055676073662911,0.0,0.0,False,False,57.9746437491805,62.0,73.0,0
2016-10-14,62.0,62.0,62.0,62.0,62.0,0,0.31067249103904554,0.2972068177971874,0.203451496094438,0.1736589933180118,67.28,70.14,71.57,72.04666666666667,,,0.0,0.0,86.51994280761444,7610.5,3044.2,49.1,0.005010846629662025,0.005010846629662,0.0,0.0,False,False,57.9746437491805,62.0,73.0,0
2016-10-17,62.0,62.0,62.0,62.0,62.0,0,0.279605241935141,0.282346476907328,0.1983652086920771,0.1701858134516516,66.84,69.92,71.46,71.97333333333333,,,0.0,0.0,88.44566526366953,7610.5,3044.2,49.1,0.004509761966695823,0.0045097619666958,0.0,0.0,False,False,57.9746437491805,62.0,73.0,0
2016-10-18,62.0,62.0,62.0,62.0,62.0,0,0.2516447177416269,0.2682291530619616,0.1934060784747752,0.1667820971826185,66.4,69.7,71.35,71.9,,,0.0,0.0,90.09628451171672,7610.5,3044.2,49.1,0.00405878577002624,0.0040587857700262,0.0,0.0,False,False,57.9746437491805,62.0,73.0,0
2016-10-19,62.0,62.0,62.0,62.0,62.0,0,0.2264802459674642,0.2548176954088635,0.1885709265129058,0.1634464552389662,65.96,69.48,71.24,71.82666666666667,,,0.0,0.0,91.51110101004292,7610.5,3044.2,49.1,0.003652907193023616,0.0036529071930236,0.0,0.0,False,False,57.9746437491805,62.0,73.0,0
2016-10-20,62.0,62.0,62.0,62.0,62.0,0,0.20383222137071777,0.2420768106384204,0.1838566533500831,0.1601775261341868,65.52,69.26,71.13,71.75333333333333,,,0.0,0.0,92.72380086575107,7610.5,3044.2,49.1,0.003287616473721254,0.0032876164737212,0.0,0.0,False,False,57.9746437491805,62.0,73.0,0
2016-10-21,62.0,62.0,62.0,62.0,62.0,0,0.183448999233646,0.2299729701064993,0.1792602370163311,0.1569739756115031,65.08,69.04,71.02,71.68,,,0.0,0.0,93.7632578849295,7610.5,3044.2,49.1,0.002958854826349129,0.0029588548263491,0.0,0.0,False,False,57.9746437491805,62.0,73.0,0
2016-10-24,62.0,62.0,62.0,62.0,62.0,0,0.1651040993102814,0.2184743216011744,0.1747787310909228,0.153834496099273,64.64,68.82,70.91,71.60666666666667,,,0.0,0.0,94.6542210442253,7610.5,3044.2,49.1,0.0026629693437142158,0.0026629693437142,0.0,0.0,False,False,57.9746437491805,62.0,73.0,0
2016-10-25,62.0,62.0,62.0,62.0,62.0,0,0.14859368937925327,0.2075506055211156,0.1704092628136497,0.1507578061772876,64.2,68.6,70.8,71.53333333333333,,,0.0,0.0,95.4179037521931,7610.5,3044.2,49.1,0.0023966724093427948,0.0023966724093427,0.0,0.0,False,False,57.9746437491805,62.0,73.0,0
2016-10-26,62.0,62.0,62.0,62.0,62.0,0,0.13373432044132794,0.1971730752450599,0.1661490312433085,0.1477426500537418,63.76,68.38,70.69,71.46,,,0.0,0.0,96.07248893045124,0.0,3044.2,49.1,0.002157005168408515,0.0021570051684085,0.0,0.0,False,False,0.0,62.0,73.0,0
2016-10-27,62.0,62.0,62.0,62.0,62.0,0,0.12036088839719514,0.1873144214828069,0.1619953054622258,0.144787797052667,63.32,68.16,70.58,71.38666666666667,,,0.0,0.0,96.63356194038676,0.0,3044.2,49.1,0.0019413046515676636,0.0019413046515676,0.0,0.0,False,False,0.0,62.0,73.0,0
2016-10-28,62.0,62.0,62.0,62.0,62.0,0,0.10832479955747562,0.1779487004086665,0.1579454228256701,0.1418920411116136,62.88,67.94,70.47,71.31333333333333,,,0.0,0.0,97.11448166318868,0.0,3044.2,49.1,0.0017471741864108971,0.0017471741864108,0.0,0.0,False,False,0.0,62.0,73.0,0
2016-10-31,62.0,62.0,62.0,62.0,62.0,0,0.09749231960172806,0.1690512653882332,0.1539967872550283,0.1390542002893814,62.44,67.72,70.36,71.24,,,0.0,0.0,97.52669856844744,0.0,3044.2,49.1,0.0015724567677698074,0.0015724567677698,0.0,0.0,False,False,0.0,62.0,73.0,0
2016-11-01,62.0,62.0,62.0,62.0,62.0,0,0.08774308764155526,0.1605987021188215,0.1501468675736526,0.1362731162835938,62.0,67.5,70.25,71.16666666666667,,,0.0,0.0,97.8800273443835,0.0,3044.2,49.1,0.0014152110909928268,0.0014152110909928,0.0,0.0,False,False,0.0,62.0,73.0,0
2016-11-02,62.0,62.0,62.0,62.0,62.0,0,0.07896877887739974,0.1525687670128805,0.1463931958843113,0.1335476539579219,62.0,67.28,70.14,71.09333333333333,,,0.0,0.0,98.18288058090016,0.0,3044.2,49.1,0.0012736899818935443,0.0012736899818935,0.0,0.0,False,False,0.0,62.0,73.0,0
2016-11-03,62.0,62.0,62.0,62.0,62.0,0,0.07107190098965976,0.1449403286622364,0.1427333659872035,0.1308767008787634,62.0,67.06,70.03,71.02,,,0.0,0.0,98.442469069343,0.0,3044.2,49.1,0.0011463209837041897,0.0011463209837041,0.0,0.0,False,False,0.0,62.0,73.0,0
2016-11-04,62.0,62.0,62.0,62.0,62.0,0,0.06396471089069379,0.1376933122291246,0.1391650318375235,0.1282591668611882,62.0,66.84,69.92,70.94666666666667,,,0.0,0.0,98.66497348800829,0.0,3044.2,49.1,0.0010316888853337707,0.0010316888853337,0.0,0.0,False,False,0.0,62.0,73.0,0
2016-11-07,62.0,62.0,62.0,62.0,62.0,0,0.05756823980162441,0.1308086466176684,0.1356859060415854,0.1256939835239644,62.0,66.62,69.81,70.87333333333333,,,0.0,0.0,98.85569156114994,0.0,3044.2,49.1,0.0009285199968003938,0.0009285199968003,0.0,0.0,False,False,0.0,62.0,73.0,0
2016-11-08,62.0,62.0,62.0,62.0,62.0,0,0.05181141582146197,0.124268214286785,0.1322937583905457,0.1231801038534851,62.0,66.4,69.7,70.8,71.35,,0.0,0.0,99.0191641952714,0.0,3044.2,49.1,0.0008356679971203543,0.0008356679971203,0.0,0.0,False,False,0.0,62.0,73.0,0
2016-11-09,62.0,62.0,62.0,62.0,62.0,0,0.046630274239315775,0.1180548035724457,0.1289864144307821,0.1207165017764154,62.0,66.18,69.59,70.72666666666667,71.295,-15.068493150684931,0.0,0.0,99.1592835959469,0.0,3044.2,49.1,0.000752101197408319,0.0007521011974083,0.0,0.0,False,False,0.0,62.0,73.0,0
2016-11-10,62.0,62.0,62.0,62.0,62.0,0,0.0419672468153842,0.1121520633938234,0.1257617540700125,0.1183021717408871,62.0,65.96,69.48,70.65333333333334,71.24,-15.068493150684931,0.0,0.0,99.27938593938303,0.0,3044.2,49.1,0.000676891077667487,0.0006768910776674,0.0,0.0,False,False,0.0,62.0,73.0,0
2016-11-11,62.0,62.0,62.0,62.0,62.0,0,0.03777052213384578,0.1065444602241322,0.1226177102182622,0.1159361283060694,62.0,65.74,69.37,70.58,71.185,-15.068493150684931,0.0,0.0,99.38233080518548,0.0,3044.2,49.1,0.0006092019699007385,0.0006092019699007,0.0,0.0,False,False,0.0,62.0,73.0,0
2016-11-14,62.0,62.0,62.0,62.0,62.0,0,0.033993469920461206,0.1012172372129256,0.1195522674628057,0.113617405739948,62.0,65.52,69.26,70.50666666666666,71.13,-15.068493150684931,0.0,0.0,99.47056926158756,0.0,3044.2,49.1,0.0005482817729106646,0.0005482817729106,0.0,0.0,False,False,0.0,62.0,73.0,0
2016-11-15,62.0,62.0,62.0,62.0,62.0,0,0.030594122928415086,0.0961563753522794,0.1165634607762355,0.111345057625149,62.0,65.3,69.15,70.43333333333334,71.075,-15.068493150684931,0.0,0.0,99.54620222421792,0.0,3044.2,49.1,0.0004934535956195982,0.0004934535956195,0.0,0.0,False,False,0.0,62.0,73.0,0
2016-11-16,62.0,62.0,62.0,62.0,62.0,0,0.027534710635573577,0.0913485565846654,0.1136493742568296,0.109118156472646,62.0,65.08,69.04,70.36,71.02,-15.068493150684931,0.0,0.0,99.61103047790108,0.0,3044.2,49.1,0.00044410823605763836,0.0004441082360576,0.0,0.0,False,False,0.0,62.0,73.0,0
2016-11-17,62.0,62.0,62.0,62.0,62.0,0,0.02478123957201622,0.0867811287554321,0.1108081399004089,0.1069357933431931,62.0,64.86,68.93,70.28666666666666,70.965,-15.068493150684931,0.0,0.0,99.66659755248664,0.0,3044.2,49.1,0.0003996974124518745,0.0003996974124518,0.0,0.0,False,False,0.0,62.0,73.0,0
2016-11-18,62.0,62.0,62.0,62.0,62.0,0,0.022303115614814597,0.0824420723176605,0.1080379364028986,0.1047970774763293,62.0,64.64,68.82,70.21333333333334,70.91,-15.068493150684931,0.0,0.0,99.71422647355998,0.0,3044.2,49.1,0.000359727671206687,0.0003597276712066,0.0,0.0,False,False,0.0,62.0,73.0,0
2016-11-21,62.0,62.0,62.0,62.0,62.0,0,0.020072804053333136,0.0783199687017775,0.1053369879928262,0.1027011359268027,62.0,64.42,68.71,70.14,70.855,-15.068493150684931,0.0,0.0,99.7550512630514,0.0,3044.2,49.1,0.00032375490408601833,0.000323754904086,0.0,0.0,False,False,0.0,62.0,73.0,0
2016-11-22,62.0,62.0,62.0,62.0,62.0,0,0.018065523647999824,0.0744039702666886,0.1027035632930055,0.1006471132082666,62.0,64.2,68.6,70.06666666666666,70.8,-15.068493150684931,0.0,0.0,99.79004393975836,0.0,3044.2,49.1,0.0002913794136774165,0.0002913794136774,0.0,0.0,False,False,0.0,62.0,73.0,0
2016-11-23,62.0,62.0,62.0,62.0,62.0,0,0.016258971283199843,0.0706837717533542,0.1001359742106804,0.0986341709441013,62.0,63.98,68.49,69.99333333333334,70.745,-15.068493150684931,0.0,0.0,99.82003766265002,0.0,3044.2,49.1,0.0002622414723096749,0.0002622414723096,0.0,0.0,False,False,0.0,62.0,73.0,0
2016-11-25,62.0,62.0,62.0,62.0,62.0,0,0.014633074154879858,0.0671495831656865,0.0976325748554134,0.0966614875252193,62.0,63.76,68.38,69.92,70.69,-15.068493150684931,0.0,0.0,99.84574656798574,0.0,3044.2,49.1,0.0002360173250787074,0.0002360173250787,0.0,0.0,False,False,0.0,62.0,73.0,0
2016-11-28,62.0,62.0,62.0,62.0,62.0,0,0.013169766739391872,0.0637921040074021,0.0951917604840281,0.0947282577747149,62.0,63.54,68.27,69.84666666666666,70.635,-15.068493150684931,0.0,0.0,99.8677827725592,0.0,3044.2,49.1,0.00021241559257083664,0.0002124155925708,0.0,0.0,False,False,0.0,62.0,73.0,0
2016-11-29,62.0,62.0,62.0,62.0,62.0,0,0.011852790065452683,0.060602498807032,0.0928119664719274,0.0928336926192206,62.0,63.32,68.16,69.77333333333333,70.58,-15.068493150684931,0.0,0.0,99.88667094790787,0.0,3044.2,49.1,0.00019117403331375297,0.0001911740333137,0.0,0.0,False,False,0.0,62.0,73.0,0
2016-11-30,62.0,62.0,62.0,62.0,62.0,0,0.010667511058907415,0.0575723738666804,0.0904916673101292,0.0909770187668362,62.0,63.1,68.05,69.7,70.525,-15.068493150684931,0.0,0.0,99.90286081249248,0.0,3044.2,49.1,0.00017205662998237765,0.0001720566299823,0.0,0.0,False,False,0.0,62.0,73.0,0
2016-12-01,62.0,62.0,62.0,62.0,62.0,0,0.009600759953016673,0.0546937551733464,0.088229375627376,0.0891574783914995,62.0,62.88,67.94,69.62666666666667,70.47,-15.068493150684931,0.0,0.0,99.91673783927926,0.0,3044.2,49.1,0.0001548509669841399,0.0001548509669841,0.0,0.0,False,False,0.0,62.0,73.0,0
2016-12-02,62.0,62.0,62.0,62.0,62.0,0,0.008640683957715006,0.0519590674146791,0.0860236412366916,0.0873743288236695,62.0,62.66,67.83,69.55333333333333,70.415,-15.068493150684931,0.0,0.0,99.92863243366794,0.0,3044.2,49.1,0.0001393658702857259,0.0001393658702857,0.0,0.0,False,False,0.0,62.0,73.0,0
2016-12-05,62.0,62.0,62.0,62.0,62.0,0,0.0077766155619435045,0.0493611140439451,0.0838730502057743,0.0856268422471961,62.0,62.44,67.72,69.48,70.36,-15.068493150684931,0.0,0.0,99.93882780028682,0.0,3044.2,49.1,0.0001254292832571533,0.0001254292832571,0.0,0.0,False,False,0.0,62.0,73.0,0
2016-12-06,62.0,62.0,62.0,62.0,62.0,0,0.0069989540057491546,0.0468930583417479,0.0817762239506299,0.0839143054022522,62.0,62.22,67.61,69.40666666666667,70.305,-15.068493150684931,0.0,0.0,99.94756668596013,0.0,3044.2,49.1,0.00011288635493143798,0.0001128863549314,0.0,0.0,False,False,0.0,62.0,73.0,0
2016-12-07,62.0,62.0,62.0,62.0,62.0,0,0.006299058605174239,0.0445484054246605,0.0797318183518641,0.0822360192942071,62.0,62.0,67.5,69.33333333333333,70.25,-15.068493150684931,0.0,0.0,99.9550571593944,0.0,3044.2,49.1,0.00010159771943829417,0.0001015977194382,0.0,0.0,False,False,0.0,62.0,73.0,0
2016-12-08,62.0,62.0,62.0,62.0,62.0,0,0.005669152744656815,0.0423209851534274,0.0777385228930675,0.080591298908323,62.0,62.0,67.39,69.26,70.195,-15.068493150684931,0.0,0.0,99.9614775651952,0.0,0.0,0.0,9.143794749446475e-05,9.143794749446476e-05,0.0,0.0,False,False,0.0,62.0,73.0,0
2016-12-09,62.0,62.0,62.0,62.0,62.0,0,0.005102237470191133,0.0402049358957561,0.0757950598207408,0.0789794729301565,62.0,62.0,67.28,69.18666666666667,70.14,-15.068493150684931,0.0,0.0,99.96698077016732,0.0,0.0,0.0,8.229415274501828e-05,8.229415274501828e-05,0.0,0.0,False,False,0.0,62.0,73.0,0
2025-03-12,25.0,25.0,25.0,25.0,25.0,0,3.704592013723172,1.888194689100968,0.9989001833252223,0.8173998834715535,60.52,61.26,66.8,68.86666666666666,69.9,-65.75342465753424,0.0,0.0,99.97169780300057,0.0,0.0,0.0,0.14818368054892686,0.1481836805489268,-0.5967741935483871,-0.5967741935483871,False,False,322.3998063413802,25.0,73.0,0
2025-03-13,24.78,24.78,24.78,24.78,24.78,0,3.3561328123508547,1.80478495464592,0.979427678742092,0.8054518858021225,59.0312,60.515600000000006,66.31779999999999,68.54520000000001,69.6589,-66.05479452054794,0.0,0.0,99.97574097400047,0.0,0.0,0.0,0.13543715949761317,0.1354371594976131,-0.6003225806451613,-0.6003225806451613,False,False,322.24990586104377,24.78,73.0,0
2025-03-14,25.26,26.75,25.26,26.5001,26.5001,259918,3.2175195311157694,1.813045706913624,1.0041919867735396,0.82874284808608,57.611204,59.805602,65.852801,68.23520066666667,69.4264005,-63.69849315068493,9.393698697712807,7.578333615122887,98.06113258736004,344392.64959,137757.059836,5198.36,0.12141537319163963,0.1214153731916396,-0.5725790322580645,-0.5725790322580645,False,False,324.3899224702127,24.78,73.0,0
2025-03-17,26.51,26.56,25.8501,26.3097,26.3097,137599,2.9667575780041924,1.757888421567943,0.9968346871042012,0.8263659911243583,56.183592,59.091796,65.385898,67.923932,69.192949,-63.95931506849315,9.249435236007145,7.494509511135192,96.42003968452538,525402.070105,210160.828042,7950.34,0.11276288129489095,0.1127628812948909,0.05238799999999988,-0.57565,False,False,324.2747017354935,24.78,73.0,0
2025-03-18,25.99,26.0,25.28,25.5425,25.5425,78079,2.773051820203773,1.7214790004895455,0.997656319926596,0.830432671301871,54.725292,58.362646000000005,64.911323,67.60754866666666,68.95566149999999,-65.01027397260273,8.46380484814651,7.074123529088112,95.06280174457046,625118.7129800001,250047.485192,9511.92,0.10856618655980318,0.1085661865598031,0.03077078288942703,-0.5880241935483871,False,False,323.92587973790654,24.78,73.0,0
2025-03-19,25.69,26.52,25.64,26.51,26.51,88754,2.5934966381833955,1.6842800504650683,0.9971524119284312,0.8333740178758337,53.305692,57.652846,64.44642300000001,67.29761533333333,68.72321149999999,-63.68493150684931,21.135086076788568,15.08315460781064,93.18695190442205,742762.13998,297104.855992,11287.0,0.09783088035395682,0.0978308803539568,0.00037358349591132267,-0.5724193548387096,False,False,324.8683021605527,24.78,73.0,0
2025-03-20,25.79,26.4,25.74,26.035,26.035,28224,2.411146974365056,1.638566047941815,0.9914736016302204,0.832106537518317,51.867092,56.933546,63.976773,66.98451533333333,68.48838649999999,-64.33561643835617,19.179819059959986,14.277626494698636,91.57908061286628,779502.7319799999,311801.092792,11851.48,0.09261175242423876,0.0926117524242387,-0.010441016051114249,0.0414000000000001,False,False,324.61802878165685,24.78,73.0,0
2025-03-21,25.73,26.2,25.7092,26.14,26.14,16100,2.2191122769285507,1.5811777455447242,0.9789567615894648,0.8252804067679506,50.432692,56.216346,63.508173,66.67211533333334,68.2540865,-64.1917808219178,21.585217065036677,15.606043098037972,90.2064457810974,800545.43198,320218.172792,12173.48,0.08489335412886576,0.0848933541288657,0.02339238524028575,0.0548829701372073,False,False,324.692509909261,24.78,73.0,0
2025-03-24,26.67,27.5,26.2813,27.34,27.34,102477,2.1332010492356956,1.570118858267488,0.9884828425497284,0.8359747986325915,49.046292,55.523146,63.051573,66.36771533333334,68.02578650000001,-62.54794520547945,48.07695650987636,31.727869694020583,86.54480487578614,940631.49098,376252.596392,14223.02,0.07802491035975478,0.0780249103597547,0.03130894002263296,0.0316942200218113,True,True,325.87299597870623,24.78,73.0,0
2025-03-25,27.57,27.81,27.3,27.81,27.81,39351,1.9708809443121258,1.5171129153541134,0.9765207714859848,0.8294553026599396,47.678692,54.839346,62.599673,66.06644866666667,67.7998365,-61.90410958904109,56.67598022532587,37.92090585037486,82.7971793721596,995349.05648,398139.622592,15010.04,0.07086950536900848,0.0708695053690084,0.06817745342807746,0.0570245954913966,True,True,326.21299315202793,24.78,73.0,0
2025-03-26,27.64,27.64,26.95,27.0834,27.0834,17832,1.8597928498809133,1.4842572695864078,0.9736077521988352,0.8300661966067407,46.282028,54.141014,62.140507,65.760338,67.57025349999999,-62.89945205479452,40.94963420310879,31.947369183964867,79.77202036670394,1019496.61592,407798.646368,15366.68,0.06866910542549728,0.0686691054254972,0.036090283091048114,0.0603269061368307,False,False,325.9167234125727,24.78,73.0,0
2025-03-27,26.9224,27.2328,26.7745,26.93,26.93,17462,1.7196435648928223,1.4329594061070874,0.9607250583938646,0.8226308726746059,44.879228000000005,53.439614,61.679807,65.45320466666666,67.3399035,-63.10958904109589,37.64196339664098,30.59088846850165,77.28285948607439,1043009.19892,417203.679568,15715.92,0.06385605513898338,0.0638560551389833,-0.014996342355523051,0.0158430780837419,False,False,325.82722659557567,24.78,73.0,0
2025-03-28,26.88,26.88,25.79,25.795,25.795,24481,1.6616792084035403,1.418311435801733,0.965206931934018,0.8289782552211138,43.431028,52.715514000000006,61.207757,65.13850466666666,67.10387850000001,-64.66438356164383,19.84847371019096,21.559911484099658,75.74245153756449,1074583.56867,429833.427468,16205.54,0.06441865510383951,0.0644186551038395,-0.07245595109672764,-0.0092183599001344,False,False,325.45469720845875,24.78,73.0,0
2025-03-31,25.24,25.78,25.0,25.31,25.31,19050,1.5750112875631865,1.3871458640116463,0.9609517586356676,0.8282986901166915,41.963428,51.981714,60.73085699999999,64.82057133333333,66.8654285,-65.32876712328766,15.233039479898435,18.45566035558558,74.86993413669252,1098691.34367,439476.537468,16586.54,0.06222881420636849,0.0622288142063684,-0.06547922343575774,-0.0317521040550881,False,False,325.18515184447125,24.78,73.0,0
2025-04-01,25.45,26.08,25.3193,26.06,26.06,50211,1.4945101588068677,1.356288570811064,0.9561779646697758,0.8271327163143576,40.525828,51.262914,60.261457,64.507638,66.63072849999999,-64.30136986301369,44.93441183808459,37.12225490242064,73.15737869914012,1164116.27667,465646.510668,17590.76,0.05734881653134565,0.0573488165313456,-0.03230597846268102,-0.0468178493050476,False,False,325.88316227444216,24.78,73.0,0
2025-04-02,25.82,26.4,25.82,26.26,26.26,17476,1.4030591429261807,1.317474142270511,0.9467735155530314,0.8221900619880703,39.096228,50.548114,59.794057,64.196038,66.39702849999999,-64.02739726027397,51.70343691571215,41.85477834136055,70.59117626820623,1187062.26467,474824.905868,17940.28,0.05342951800937474,0.0534295180093747,0.018026749370033013,-0.0557353469974828,True,True,326.02927416436444,24.78,73.0,0
2025-04-03,25.31,25.8,24.71,24.98,24.98,24702,1.4177532286335626,1.3291004351569855,0.9618541776642054,0.8367462607483088,37.615428,49.807714,59.313857,63.87590466666667,66.1569285,-65.78082191780823,23.71613633682577,25.48600145836599,69.41813913620119,1217915.06267,487166.025068,18434.32,0.05675553357220026,0.0567555335722002,-0.013038324772816967,-0.0776638088275475,False,False,325.6383615579607,24.78,73.0,0
2025-04-04,24.11,25.8086,24.11,25.53,25.53,18255,1.4458379057702062,1.3475754133991362,0.9802728232226002,0.8539833355333427,36.156628,49.078314,58.83915699999999,63.559438,65.9195785,-65.02739726027397,43.44683598208297,39.125490829807326,68.90630943816821,1241217.57017,496487.028068,18799.42,0.05663289877674133,0.0566328987767413,-0.020337682271680646,-0.0519866320089119,False,False,326.13293588290304,24.78,62.0,0
2025-04-07,23.75,24.7,23.06,23.7,23.7,19776,1.548254115193186,1.4036966427291795,1.0175160026420351,0.886303668822676,34.624628,48.31231399999999,58.346157000000005,63.23077133333334,65.6730785,-67.53424657534246,18.965041179282608,21.59173574433123,69.23832554984168,1264652.13017,505860.852068,19194.94,0.06532717785625257,0.0653271778562525,-0.09748667174409753,-0.0812172901725141,False,False,325.8595596117154,23.7,62.0,0
2025-04-08,24.51,25.01,22.52,22.52,22.52,13854,1.6424287036738676,1.458011810592721,1.0543281025759843,0.9183775954462224,33.045428,47.52271399999999,57.841357,62.894238,65.42067850000001,-69.15068493150686,12.275000144224094,15.586466718152096,69.87861897234102,1280251.73417,512100.6936680001,19472.02,0.07293200282743639,0.0729320028274363,-0.09847878302642121,-0.1102331094429078,False,False,325.3639493634496,22.52,62.0,0
2025-04-09,22.67,26.31,22.67,25.535,25.535,19200,1.857185833306481,1.5746112200630846,1.1227199000115848,0.975810043537298,31.586828,46.793414000000006,57.366707,62.57780466666667,65.18335350000001,-65.0205479452055,62.70170250009448,56.65591150188343,65.57447473380252,1304765.3341700002,521906.13366800005,19856.02,0.07273099014319487,0.0727309901431948,0.0001958480219348413,-0.0201458173445893,False,False,73.08784128063539,22.52,62.0,0
2025-04-10,25.011,25.011,24.208,24.208,24.208,3200,1.804167249975833,1.5622306590599304,1.1278269025112952,0.982833842666552,30.075148,46.037574000000006,56.878787,62.25252466666666,64.9393935,-66.83835616438355,45.45247660556746,44.07253644165765,61.88520824362667,1308638.61417,523455.445668,19920.02,0.07452772843588207,0.074527728435882,0.021434599156118006,-0.0781416603198782,False,False,75.55504670931543,22.52,62.0,0
2025-04-11,24.85,25.93,24.84,25.5,25.5,10200,1.79595052497825,1.570219126106934,1.1426812299485127,0.9976171658132208,28.615148,45.307574,56.403787,61.935857999999996,64.7018935,-65.06849315068493,61.0865683961979,56.58900869536878,55.561436797104726,977250.96458,528657.445668,20124.02,0.07042943235208823,0.0704294323520882,0.13232682060390766,0.0208166533226581,False,False,73.91596354776391,22.52,62.0,0
2025-04-14,26.0,26.3,25.75,26.085,26.085,17200,1.696355472480425,1.5317081698015875,1.1341141991998,0.9936648224969564,27.178548,44.589274,55.934637,61.623091333333335,64.4673185,-64.26712328767124,67.42725870164371,61.756151827674834,48.977742494340006,818674.6440649999,537630.685668,20468.02,0.06503183716620375,0.0650318371662037,0.021539064029763022,0.0217391304347827,True,True,74.39244018805286,22.52,62.0,0
2025-04-15,26.29,26.36,25.9,26.07,26.07,6000,1.5727199252323827,1.4781227613115082,1.1172613442198052,0.9829915260470174,25.741348,43.870674,55.465337,61.31022466666666,64.2326685,-64.2876712328767,67.00731999040491,61.50586301683749,43.13237466146624,726779.00119,540759.0856679999,20588.02,0.06032680956012208,0.060326809560122,0.07691672174487785,0.1,False,False,73.59236925129342,22.52,62.0,0
2025-04-16,25.92,26.27,25.856,26.08,26.08,14500,1.4568479327091441,1.4249166232459327,1.09967981061431,0.9716116955260772,25.784548,43.152274,54.996137,60.99742466666667,63.9980685,-64.27397260273973,67.21152744556665,61.64404185041181,38.26575417114937,628043.5741900001,548322.285668,20878.02,0.05586073361614817,0.0558607336161481,0.02274509803921565,0.1580817051509768,False,False,72.343121087293,22.52,62.0,0
2025-04-17,26.08,26.33,25.92,26.33,26.33,4900,1.3521631394382294,1.374170792083636,1.082437815348952,0.9603794616155557,25.846548,42.438874,54.529437,60.68629133333333,63.7647185,-63.93150684931507,73.38825700329917,65.74301284359149,33.82781546541687,597753.83219,550902.625668,20976.02,0.051354467885994286,0.0513544678859942,0.009392371094498753,0.0311337380066574,True,True,72.13302853607567,22.52,62.0,0
2025-04-21,26.41,26.84,26.04,26.388,26.388,9900,1.2969468254944065,1.3454622524794542,1.0753768699652284,0.9571718723832444,25.842064,41.726634,54.063317,60.37554466666667,63.531658500000006,-63.85205479452054,75.025501081686,66.83922203971072,30.187906380162143,589773.1921900001,556127.449668,21174.02,0.04914911419942423,0.0491491141994242,0.012197928653624901,0.0900528750826175,True,True,72.12432265033726,22.52,62.0,0
2025-04-22,26.85,27.737,26.7,27.61,27.61,41100,1.3021521429449656,1.3456391398554812,1.0822174482160976,0.9650084349355796,25.894076,41.038834,53.609417,60.072944666666665,63.3047085,-62.17808219178082,91.51782437469387,82.53713128904627,30.071010976582677,506425.68319000007,578822.8696679999,21996.02,0.04716233766551849,0.0471623376655184,0.05866564417177922,0.0827450980392157,True,True,72.15585063513342,22.52,62.0,0
2025-04-23,28.18,28.18,27.36,27.64,27.64,51700,1.2539369286504691,1.319357182862707,1.0756620120106952,0.962108266236868,25.977976,40.351634,53.155817,59.77054466666667,63.07790850000001,-62.136986301369866,91.71919626888216,82.80359831207394,31.148594284594907,523157.51769,607402.6296679999,23030.02,0.04536674850399671,0.0453667485039967,0.049753133308013675,0.0596128042936554,True,True,71.89215062023237,22.52,62.0,0
2025-04-24,27.69,27.88,27.64,27.88,27.88,13400,1.1525432357854222,1.2653893237195717,1.0547704617104277,0.9476661009121308,26.032776,39.669234,52.704617,59.469744666666664,62.8523085,-61.80821917808221,93.55522871073484,85.21074664731208,32.07223712003396,517689.55825000006,614874.469668,23298.02,0.041339427395459906,0.0413394273954599,0.056540851902379785,0.069428461833525,True,True,71.27488336665328,22.52,62.0,0
2025-04-25,28.16,28.89,28.16,28.545,28.545,30000,1.1382889122068802,1.2526198575335932,1.053651200167667,0.948912778893888,26.133176,39.000134,52.260067,59.173378,62.6300335,-60.8972602739726,96.64602115203736,90.2519342714782,35.23377895030274,536994.47525,632001.469668,23898.02,0.039876998150530044,0.03987699815053,0.033864541832669515,0.0945168711656443,True,True,71.64220042433249,22.52,62.0,0
2025-04-28,28.91,28.91,28.01,28.45,28.45,11900,1.1144600209861921,1.2349888646569134,1.0498099201634754,0.9479345233160104,26.225576,38.329134,51.814567,58.876378,62.407283500000005,-61.027397260273965,87.6395306800203,84.74938589865866,36.97342677143455,522347.8555,638772.569668,24136.02,0.039172584217440846,0.0391725842174408,0.029305354558610608,0.0805165210786176,False,False,69.62041667943787,22.52,62.0,0
2025-04-29,28.66,29.29,28.66,29.18,29.18,26100,1.0870140188875728,1.2152394214240678,1.0445646721593884,0.9457758328496902,26.299176000000003,37.672734,51.376367,58.58424466666666,62.1881835,-60.02739726027397,94.04068623262904,90.6130563393236,39.329869106916966,536319.9805,654004.529668,24658.02,0.037252022580108735,0.0372520225801087,0.046628407460545196,0.1058056692435955,False,False,69.38115246463417,22.52,62.0,0
2025-04-30,28.84,29.03,28.42,28.88,28.88,16700,1.0543126169988153,1.1924774503528643,1.0374505553554036,0.9420603161926964,26.341976,37.010334,50.935167,58.290111333333336,61.9675835,-60.43835616438356,71.28415436228697,74.84488056976942,39.634542110082926,495009.8475,663650.449668,24992.02,0.03650666956367089,0.0365066695636708,0.01173585566649149,0.0459978268743208,False,False,69.13067840150617,22.52,62.0,0
2025-05-01,29.4,29.995,29.04,29.04,29.04,43000,1.060381355298934,1.1886035778352213,1.0393892914715186,0.9455191098688424,26.42024,36.351134,50.495567,57.99704466666666,61.7477835,-60.21917808219178,75.94159299054962,77.6149247533958,42.14067770893354,534499.8595,688624.849668,25852.02,0.036514509479990846,0.0365145094799908,0.02073813708260097,0.0506512301013024,False,False,69.12457300021754,22.52,62.0,0
2025-05-02,29.4,30.18,29.32,29.79,29.79,27200,1.0683432197690408,1.1861733989434602,1.041904559184731,0.9494087276714656,26.53464,35.706934000000004,50.063467,57.708978,61.5317335,-59.1917808219178,88.75986658065229,86.74058995341127,44.63530709904192,544161.4615,704830.609668,26396.02,0.03586247800500305,0.035862478005003,0.020904729266620903,0.0685078909612626,True,True,66.29287237544999,22.52,62.0,0
2025-05-05,29.39,29.47,28.83,29.2,29.2,44800,1.0575088977921367,1.1748647289962872,1.0398569452051123,0.9496205531180364,26.67084,35.050934000000005,49.625467,57.41697800000001,61.31273350000001,-60.0,54.49731113786793,60.75982340033491,43.3772264102936,586266.954,730993.8096680001,27292.02,0.03621605814356633,0.0362160581435663,0.011080332409972415,0.0229462252583638,False,False,66.86494529570237,22.52,62.0,0
2025-05-06,29.2,29.29,28.88,29.22,29.22,16200,0.992758008012923,1.1366214925464728,1.0241105215749844,0.9388281420556756,26.827240000000003,34.395334,49.187667000000005,57.12511133333334,61.0938335,-59.97260273972604,55.37323777304618,61.2839513702852,42.29887153422362,586500.594,740461.089668,27616.02,0.03397529117087348,0.0339752911708734,0.006198347107438051,0.0270650263620386,False,False,59.71718987715591,22.52,62.0,0
2025-05-07,29.68,29.68,29.42,29.506,29.506,13100,0.9394822072116309,1.1027904179191492,1.0100077585356098,0.929251579214562,26.96508,33.745454,48.75272700000001,56.83515133333333,60.8763635,-59.58082191780822,68.41505465177791,69.14249350775785,42.648364646955805,590227.42,748191.661668,27878.02,0.03184037847256934,0.0318403784725693,-0.009533400469956321,0.01117203564085,True,True,55.13064642882789,22.52,62.0,0
2025-05-08,30.23,30.85,30.06,30.51,30.51,34400,0.9799339864904679,1.1148508970231918,1.0183575645722196,0.9375465476302708,27.13508,33.115654,48.327827,56.551884666666666,60.6639135,-58.20547945205479,87.55944278672217,84.17623716831173,45.53068579759542,618191.02,769182.5416679999,28566.02,0.032118452523450275,0.0321184525234502,0.044863013698630105,0.0564404432132965,True,True,36.98690023894342,22.52,62.0,0
2025-05-09,30.63,31.29,30.3,30.55,30.55,33900,0.980940587841421,1.1086083521720322,1.0176486254579142,0.9385956166776654,27.35788,32.486654,47.903327,56.26888466666667,60.4516635,-58.15068493150686,87.99431904315158,84.57543148614754,48.667938977165136,666099.99,789895.441668,29244.02,0.03210934821084848,0.0321093482108484,0.04551676933607118,0.0519972451790633,True,True,29.010470081233724,22.52,62.0,0
2025-05-12,31.17,31.17,30.301,30.535,30.535,57600,0.9697465290572792,1.0966279345634309,1.0139324098214666,0.9372037043441124,27.55808,31.857354,47.478677,55.985784666666675,60.2393385,-58.17123287671233,86.29745756137383,83.52190614259985,51.35701313108205,741035.79,825071.7616679999,30396.02,0.03175852395799179,0.0317585239579917,0.03487426286179085,0.0250083920778785,False,False,25.035525443586337,22.52,62.0,0
2025-05-13,30.62,31.15,30.53,31.13,31.13,27400,0.9347718761515511,1.0727965378352589,1.00408409957593,0.93085963025723,27.85528,31.239954,47.059977,55.70665133333333,60.0299885,-57.35616438356165,93.6189598276144,90.06636195739136,53.66193383443939,761250.79,842131.0016679999,30944.02,0.0300280075859798,0.0300280075859798,0.02032120616191402,0.0660958904109589,False,False,24.81831454712605,22.52,62.0,0
2025-05-14,31.09,31.31,30.72,30.9,30.9,8000,0.9002946885363959,1.048656710943496,0.9937319970865316,0.9240424376520856,28.19048,30.617954,46.638977,55.425984666666665,59.8194885,-57.67123287671233,71.47499790581497,74.76253070345838,55.95147338440449,765789.79,847075.0016679999,31104.02,0.029135750438071067,0.029135750438071,0.011456628477904962,0.057494866529774,False,False,25.27706912824112,22.52,62.0,0
2025-05-15,30.6,30.6,29.79,30.15,30.15,63600,0.9212652196827562,1.0517238753963212,0.9966386971593684,0.9277615888990438,28.37508,29.980954,46.210477,55.14031799999999,59.6052385,-58.69863013698631,33.137001663488775,42.99734699315096,50.29512896741863,842758.79,885425.801668,32376.02,0.030556060354320274,0.0305560603543202,-0.012608482069756066,0.0218260692740459,False,False,27.76893386177319,22.52,62.0,0
2025-05-16,30.28,30.72,30.07,30.367,30.367,17700,0.8941386977144804,1.031637681626505,0.987972729730384,0.9222063571210628,28.621440000000003,29.348294,45.784147,54.856097999999996,59.3920735,-58.4013698630137,45.76288021034518,51.02484813501468,45.986632704236,863182.735,896175.719668,32730.02,0.029444419854265498,0.0294444198542654,-0.024510118856408525,-0.0046869878728286,False,False,27.755758470189708,22.52,62.0,0
2025-05-19,30.11,30.94,30.11,30.84,30.84,26300,0.8877248279430325,1.02155579754518,0.9840234114871244,0.9203622299786416,28.83504,28.725094,45.362547000000006,54.575031333333335,59.1812735,-57.75342465753425,66.46653025795902,65.248218607671,43.298913072716935,890675.275,912397.559668,33256.02,0.028784851749125567,0.0287848517491255,-0.001941747572815511,0.0094926350245498,True,True,27.84205232937509,22.52,62.0,0
2025-05-20,31.01,31.04,30.53,31.04,31.04,12800,0.8499523451487292,0.9959780076679208,0.9721728261999464,0.9121549853790688,29.03324,28.105894,45.052947,54.295298,58.9714735,-57.47945205479452,73.00278995287155,70.1376494877366,41.459582007955575,853802.325,920343.799668,33512.02,0.02738248534628638,0.0273824853462863,0.029519071310116107,0.0165383985590306,True,True,24.066145939892227,22.52,62.0,0
2025-05-21,30.94,31.15,30.14,30.42,30.42,22400,0.865957110633856,0.9966791072845248,0.9731185055449476,0.9141118856714874,29.20724,27.474294,44.73714700000001,54.011431333333334,58.7585735,-58.32876712328768,38.29420881523255,44.34761441595963,36.73753934516392,816423.325,933971.959668,33960.02,0.02846670317665536,0.0284667031766553,0.0017453156386868507,-0.0228075811114679,False,False,25.749565387224017,22.52,62.0,0
2025-05-22,30.88,31.04,30.13,30.193,30.193,29700,0.8703613995704703,0.9923451519202984,0.971540542906324,0.9140296479580576,29.37176,27.578154,44.419077,53.72605133333333,58.5445385,-58.63972602739727,30.365488457149908,37.59853480908374,32.61225716918614,842580.3300000001,951906.601668,34554.02,0.028826595554283123,0.0288265955542831,-0.02097924773022042,-0.0228802588996762,False,False,26.064359436328772,22.52,62.0,0
2025-05-23,30.06,30.06,29.0,29.17,29.17,18500,0.9026252596134234,1.0023778943242836,0.9770770293336656,0.9196090549988968,29.48536,27.665954000000003,44.090777,53.43385133333333,58.3253885,-60.04109589041096,12.65427523452236,19.639278905529608,32.97038913778309,826745.08,962699.501668,34924.02,0.03094361534499223,0.0309436153449922,-0.06024484536082464,-0.0325041459369817,False,False,28.324060199151667,22.52,62.0,0
2025-05-27,29.57,29.605,29.004,29.545,29.545,9500,0.8724627336520809,0.9823089996080692,0.967675103600324,0.9132368738989188,29.61164,27.726852,43.766227,53.14415133333333,58.1081135,-59.52739726027397,33.864659139316046,34.849330047817006,33.27735939658047,823851.205,830555.991832,29915.66,0.02952996221533528,0.0295299622153352,-0.028763971071663397,-0.0270688576415186,False,False,28.56697524622761,22.52,62.0,0
2025-05-28,29.45,29.45,28.66,28.92,28.92,21000,0.8737164602868731,0.977443549627666,0.9656082260103158,0.9126721364209404,29.66404,27.779058,43.435427,52.85028466666667,57.8877135,-60.38356164383561,21.072150030946844,24.531331595304465,34.85396409444692,816137.3049999999,770298.6236260001,27583.68,0.030211495860541945,0.0302114958605419,-0.0421620905507899,-0.0622568093385212,False,False,28.29308330237278,22.52,62.0,0
2025-05-29,29.16,29.41,29.01,29.13,29.13,9900,0.8353448142581857,0.9530713721462826,0.9537180203600576,0.9042186936925216,29.72364,27.850808,43.106727,52.557818,57.6683635,-60.09589041095891,33.69569398328309,33.36931742925685,36.20533954976101,806441.855,736179.7064760001,26220.1,0.02867644401847531,0.0286764440184753,-0.0013712718546452507,-0.0615335051546391,False,False,28.16585731180288,22.52,62.0,0
2025-05-30,29.24,29.37,28.88,29.181,29.181,6400,0.8008103328323675,0.9299178035389686,0.9421250698510564,0.8959343198186712,29.77568,27.904228000000003,42.778537,52.26569133333333,57.4492685,-60.02602739726027,37.34610081277122,35.8036859574929,37.90414286082391,753343.775,692857.503676,24573.02,0.02744286805909213,0.0274428680590921,-0.01232018954137759,-0.0407297830374753,True,True,28.107115816352472,22.52,62.0,0
2025-06-02,29.133,29.42,29.03,29.229,29.229,8700,0.7597292995491307,0.9029219133620202,0.92832194310478,0.8858156334222979,29.80304,27.968108,42.450827,51.97388466666666,57.2304135,-59.96027397260274,41.86468023679602,38.61794013146459,38.734354088080686,725543.99,683247.112876,24182.54,0.02599231241401111,0.0259923124140111,0.010684647302904526,-0.0319279303149737,True,True,26.49326110112538,22.52,62.0,0
2025-06-03,29.2,30.15,29.2,30.026,30.026,10000,0.7787563695942176,0.9052758176939192,0.9288638945271604,0.8870993207538518,29.86608,28.045828,42.131087,51.68739133333333,57.01554350000001,-58.86849315068494,79.20939931065583,68.84997734353223,33.83505243327512,675148.99,680835.232876,24060.54,0.025936067727776513,0.0259360677277765,0.030758668039821524,0.0293452176894069,True,True,27.24050963468661,22.52,62.0,0
2025-06-04,29.7,30.0,29.55,29.828,29.828,6200,0.7484807326347958,0.8838120268092231,0.9175422971639812,0.8788773343387747,29.892,28.095588,41.809367,51.399578,56.7996835,-59.13972602739725,63.91052023577068,59.19298663158479,29.635651014870344,660727.47,628499.481276,22135.0,0.0250932255811585,0.0250932255811585,0.022171961207634983,0.0095786089016753,False,False,27.388620389796525,22.52,62.0,0
2025-06-05,30.06,30.09,29.38,29.38,29.38,3600,0.7446326593713163,0.8751214254687619,0.9123537397348818,0.8754997876519992,29.912,28.126988,41.483167,51.108778,56.5815835,-59.75342465753425,38.60446283862106,41.593071744753104,26.20027677998298,646689.4400000001,608727.815076,21419.98,0.025344882892148275,0.0253448828921482,0.005166102158814967,0.015905947441217,False,False,27.76003967939741,22.52,62.0,0
2025-06-06,29.87,29.87,29.38,29.635,29.635,11800,0.7191693934341848,0.855865354195324,0.9017948962415098,0.8677897918989592,29.9358,28.17802,41.159517,50.819677999999996,56.3647585,-59.40410958904109,54.11632018124374,52.3462793801739,23.255670292936674,611696.89,606062.6513,21299.34,0.024267568531607383,0.0242675685316073,-0.013022047558782335,0.0173360796429797,False,False,25.03064619795708,22.52,62.0,0
2025-06-09,29.81,30.4,29.7,30.375,30.375,7800,0.723752454090766,0.8513220864855576,0.898375023835472,0.8657339960609801,29.9592,28.24692,40.843267,50.53551133333333,56.1516335,-58.390410958904106,78.14844430475699,72.17085248527567,23.501640773292525,571760.89,601396.1181000001,21106.1,0.0238272412869388,0.0238272412869388,0.018338473917124842,0.0409170350570575,True,True,26.690485584431183,22.52,62.0,0
2025-06-10,30.26,30.395,30.14,30.315,30.315,8900,0.6768772086816893,0.8215059821612798,0.8822906482395851,0.8535193161397606,30.0038,28.33732,40.526417,50.25094466666667,55.9382085,-58.47260273972603,73.4684473616689,69.06470920750624,23.712472613597537,497310.265,594162.4402000001,20794.48,0.022328128275826795,0.0223281282758267,0.03182437031994567,0.0371548804269732,False,False,26.697203605063653,22.52,62.0,0
2025-06-11,30.31,30.31,29.952,30.22,30.22,8500,0.6454894878135203,0.7985806830532158,0.8693083820335955,0.8437089298169654,30.0438,28.43552,40.208617,49.965744666666666,55.7243085,-58.602739726027394,64.32023073380202,63.31219000321045,21.70385474475673,467505.665,589656.7302,20583.48,0.021359678617257457,0.0213596786172574,0.01974017209380796,0.0064610670752014,False,False,25.67413328102624,22.52,62.0,0
2025-06-12,30.27,30.27,29.354,29.55,29.55,2700,0.6725405390321684,0.8044516489005551,0.8704756724827558,0.8451547512206261,30.04556,28.50532,39.884117,49.676078,55.5070585,-59.52054794520548,27.756782118782752,35.50412975434719,22.123413110542774,459134.915,565082.457,19633.26,0.022759409104303498,0.0227594091043034,-0.02716049382716046,-0.0093201019176611,False,False,26.667197995077206,22.52,62.0,0
2025-06-13,29.53,30.59,29.0,29.41,29.41,8500,0.7642864851289515,0.8437290664555274,0.888463780670687,0.8600516561962135,30.00156,28.56832,39.558217,49.385478000000006,55.289108500000005,-59.71232876712329,23.5591558044068,31.63317485804062,24.395282022538424,375757.165,560903.7618,19453.74,0.025987299732368293,0.0259872997323682,-0.029853207982846852,0.0010211027910143,False,False,25.361264389726067,22.52,62.0,0
2025-06-16,29.7,29.7,28.88,28.88,28.88,3600,0.7698578366160563,0.842542613132751,0.8867521861539197,0.8592506230722893,29.93476,28.64632,39.227017,49.091344666666664,55.0685085,-60.43835616438356,12.674636374355586,20.40411207849901,26.92370273215724,354080.77,550642.0026,19031.7,0.026657127306650152,0.0266571273066501,-0.04434149569821311,-0.0254766323603847,False,False,25.83821775734553,22.52,62.0,0
2025-06-17,29.605,29.605,28.18,28.8,28.8,11100,0.8353720529544507,0.8716654824761136,0.9002083815000717,0.8705656106108435,29.86536,28.71172,38.895017,48.796678,54.8475085,-60.54794520547946,11.474354683714663,19.04359932478718,31.64513310156497,329510.17,547714.5996,18888.6,0.029005974060918427,0.0290059740609184,-0.025380710659898442,-0.0518518518518518,False,False,24.95208208719988,22.52,62.0,0
2025-06-18,28.95,29.74,28.0,28.805,28.805,11800,0.9258348476590055,0.9150822083523078,0.92120317196257,0.8879542983986266,29.77236,28.81382,38.563067,48.50204466666667,54.6265335,-60.54109589041096,12.253376042598802,19.49095028239725,36.1768351831328,326639.52,545138.7556,18729.08,0.032141463206353256,0.0321414632063532,-0.020571234274056494,-0.049810324921656,False,False,24.72035709964656,22.52,62.0,0
2025-06-20,28.01,28.99,27.97,28.45,28.45,12100,0.935251362893105,0.9203280979346924,0.9236730926635058,0.8905952124306541,29.67436,28.93242,38.227567,48.205044666666666,54.4037835,-61.027397260273965,6.325319489670136,12.796798077328376,40.14602038559484,309781.37,545783.814,18694.0,0.03287351011926555,0.0328735101192655,-0.014889196675900274,-0.0585704831237591,False,False,24.182745451881303,24.208,31.13,0
2025-06-23,28.745,28.8,28.1,28.75,28.75,7900,0.9117262266037944,0.9093116930379576,0.9180812653469184,0.886783308182041,29.618360000000003,28.99672,37.895067,47.910044666666664,54.1825335,-60.61643835616438,41.934343866964525,37.12751206310639,43.548179130562296,276301.015,540520.874,18468.0,0.03171221657752329,0.0317122165775232,-0.0017361111111111605,-0.027072758037225,False,False,24.6125995691761,24.208,31.13,0
2025-06-24,28.39,29.699,28.38,28.94,28.94,9700,0.9524536039434153,0.92979610838606,0.9281042337132452,0.8954276420184002,29.56128,29.09136,37.564467,47.616311333333336,53.9622335,-60.35616438356165,57.340055015258926,49.11623096308654,37.5149277254985,263354.665,544585.922,18598.0,0.03291132010861836,0.0329113201086183,0.004686686339177237,-0.0159809588575313,True,True,21.666550703091744,25.5,31.13,0
2025-06-25,29.04,29.355,28.94,28.94,28.94,5700,0.8987082435490736,0.9040563029667568,0.915276627870414,0.8858190891780322,29.485280000000003,29.16016,37.233867,47.322578,53.7419335,-60.35616438356165,57.34005501525892,49.11623096308654,32.343569378300955,257568.69,542683.082,18508.0,0.031054189479926525,0.0310541894799265,0.01722319859402477,0.0020775623268698,False,False,21.103907797020284,26.07,31.13,0
2025-06-26,29.3,29.54,28.95,29.54,29.54,1700,0.868837419194166,0.8888534878184189,0.9073947121736538,0.8801027073944715,29.42528,29.22926,36.909267,47.03284466666667,53.5246335,-59.53424657534247,85.21388529556802,75.42442223141533,29.325333306462444,229713.59,534714.202,18198.0,0.029412234908401017,0.029412234908401,0.027478260869565174,0.0256944444444444,False,False,20.986834866185053,26.07,31.13,0
2025-06-27,27.84,29.74,27.83,29.43,29.43,7900,0.9729536772747494,0.9399108134274978,0.9324598443693124,0.900700653246582,29.38568,29.296460000000003,36.583567,46.742378,53.3067835,-59.68493150684932,72.23451012343477,66.9615568647512,30.122877016345537,226919.09,536235.7420000001,18236.0,0.0330599278720608,0.0330599278720608,0.016931582584657878,0.0216976219406352,False,False,20.9197974304874,26.08,31.13,0
2025-06-30,29.43,29.7,29.01,29.7,29.7,10200,0.9446583095472741,0.9274152727561228,0.9263983482600796,0.8964866401816504,29.36596,29.36886,36.260567,46.45371133333333,53.0902835,-59.31506849315068,82.21069866799075,75.83514771568787,30.80648591053104,232728.17,534731.3420000001,18150.0,0.03180667708913381,0.0318066770891338,0.0262612301313061,0.0439367311072056,False,False,21.1406958987519,26.33,31.13,0
2025-07-01,29.7,29.74,28.11,29.2,29.2,4500,1.0131924785925466,0.9625445091183168,0.9439883895535776,0.9111569073780176,29.36716,29.42626,35.932567,46.16171133333333,52.8712835,-60.0,41.14525280513424,45.59675348955082,34.29419049312724,226583.555,534779.002,18142.0,0.03469837255453927,0.0346983725545392,-0.011509817197020933,0.0156521739130435,False,False,22.064862108605656,26.388,31.13,0
2025-07-02,28.87,29.9,28.87,29.9,29.9,13200,1.0148732307332917,0.9659172836624008,0.946138679814738,0.9135337692304571,29.38136,29.4965,35.611567,45.874378,52.6557835,-59.041095890410965,71.276085143996,68.81105572622793,35.935711620046106,231304.555,537447.778,18208.0,0.033942248519508084,0.033942248519508,0.01597009853890574,0.0331720801658603,False,False,21.56828578744136,27.61,31.13,0
2025-07-03,29.491,29.99,29.491,29.81,29.81,4000,0.9632859076599625,0.9425714194792808,0.9349602128193696,0.905243093845848,29.41696,29.5405,35.289667,45.586444666666665,52.439833500000006,-59.16438356164383,64.87112021189097,64.12063461938352,36.5437881763555,228019.875,517137.15800000005,17466.0,0.032314186771551914,0.0323141867715519,0.0037037037037037646,0.0300621976503108,False,False,21.464049508676545,27.64,31.13,0
2025-07-07,28.52,29.943,28.52,29.3,29.3,4000,1.0092573168939665,0.9665928485053168,0.9471612074988852,0.9155982319689312,29.42376,29.5737,34.962667,45.29511133333333,52.2213335,-59.86301369863014,36.7787343869,42.32342756718093,39.84715935869567,228591.475,490901.398,16512.0,0.03444564221481114,0.0344456422148111,0.0034246575342467,-0.0081245768449559,False,False,21.674381152014004,27.88,31.13,0
2025-07-08,29.99,29.99,28.79,29.75,29.75,3500,1.0283315852045698,0.9782632060800508,0.9534821773114132,0.9212862673295524,29.44652,29.6111,34.640167,45.006778000000004,52.0050835,-59.24657534246576,59.81239449971597,58.80039176955651,42.26675701955219,216313.075,485512.058,16314.0,0.034565767569901505,0.0345657675699015,-0.0050167224080267525,0.0108732585796806,False,False,22.15027189723048,28.45,31.13,0
2025-07-09,29.27,30.0,29.27,29.823,29.823,8200,0.9984984266841128,0.9658500457760484,0.947895122878628,0.9174605419829616,29.47028,29.636660000000003,34.318397,44.71893133333334,51.789198500000005,-59.14657534246576,63.08507330693385,61.198014184960456,44.24075626125169,216694.25500000003,473276.03,15878.0,0.033480817713982924,0.0334808177139829,0.00043609527004373483,0.0041414141414142,True,True,20.21434753649934,28.45,31.13,0
2025-07-10,29.8,30.23,29.8,30.2,30.2,5100,0.9416485840157016,0.939057543487246,0.9349477448066622,0.9077113311433024,29.47724,29.671660000000003,34.000397,44.433598,51.5751985,-58.63013698630136,77.36450652855694,72.29861369316072,43.54843849503293,210905.08,469585.33,15742.0,0.031180416689261643,0.0311804166892616,0.030716723549488067,0.0342465753424656,True,True,20.76453499463236,28.45,31.13,0
2025-07-11,29.78,31.17,29.78,31.0,31.0,9700,0.9864837256141316,0.9616046663128838,0.9463240511864957,0.9173571045204362,29.524120000000003,29.70806,33.690397,44.153598,51.3651985,-57.53424657534247,89.85527468757115,84.69055427835414,38.42394689011106,213096.58,460367.37,15414.0,0.03182205566497199,0.0318220556649719,0.04201680672268915,0.0367892976588628,True,True,22.722506743312863,28.45,31.13,0
2025-07-14,31.48,32.04,31.48,31.835,31.835,24400,0.9918353530527183,0.9655244329972396,0.9486659499068332,0.9198099624300276,29.62232,29.767160000000004,33.388746999999995,43.87916466666667,51.1593735,-56.39041095890411,94.55739504239808,90.56456696813656,37.555625019648986,247946.03000000003,466256.93,15568.0,0.031155500331481647,0.0311555003314816,0.06746470844650099,0.067930224756793,True,True,22.602150452847468,28.45,31.835,0
2025-07-15,32.98,32.98,31.35,31.74,31.74,5100,1.055651817747446,0.9987482113473776,0.9656993011591624,0.9340137631814268,29.70652,29.82116,33.086147000000004,43.604098,50.9530735,-56.52054794520549,87.62608617317932,85.5832946916972,39.24645419723827,243540.48000000004,444520.01,14810.0,0.03325935153583636,0.0332593515358363,0.05099337748344368,0.0832764505119452,False,False,22.523121595538864,28.45,31.835,0
2025-07-16,32.98,32.98,31.837,32.3,32.3,2000,1.0740866359727013,1.0108108007800083,0.9725568186301832,0.9401334879177984,29.783520000000003,29.87136,32.789147,43.33276466666667,50.7495735,-55.75342465753425,92.4922398712979,89.93457626042375,40.69573634945766,241572.08,429606.25,14306.0,0.033253456222065055,0.033253456222065,0.04193548387096757,0.0857142857142856,False,False,21.43555031990236,28.45,32.3,0
2025-07-17,32.55,33.2,31.81,32.175,32.175,15300,1.1056779723754315,1.0297702607410082,0.9829928981644288,0.9491308181594426,29.85792,29.93086,32.490897,43.060598000000006,50.5454485,-55.92465753424658,81.73063914226309,82.52180487089166,42.47514075253529,250201.955,413288.6,13716.0,0.03436450574593416,0.0343645057459341,0.010680069106329348,0.0788653053012773,False,False,21.496194330921103,28.45,32.3,0
2025-07-18,32.17,32.17,31.34,31.709,31.709,20800,1.078610175137888,1.0200317477039575,0.979293075710318,0.9468482017962536,29.91748,29.980640000000005,32.187987,42.78532466666667,50.3389935,-56.56301369863014,49.51460576617892,58.5384562880202,40.581813126107086,266184.365,417012.2640000001,13808.0,0.03401590006426844,0.0340159000642684,-0.0009766855702583177,0.0499668874172185,False,False,22.59567713842127,28.45,32.3,0
2025-07-21,31.75,33.177,31.01,32.12,32.12,4300,1.187449157624099,1.0773801603187596,1.00898574881756,0.9712512377603286,30.02028,30.03292,31.889187000000003,42.51279133333333,50.1345935,-56.00000000000001,66.81814643497216,69.0993986909355,41.7988678122622,255877.915,412044.0120000001,13632.0,0.036969151856292,0.036969151856292,-0.005572755417956654,0.0361290322580645,False,False,21.81108691708069,28.45,32.3,0
2025-07-22,30.83,31.56,30.83,31.195,31.195,6800,1.1977042418616892,1.0880111523028215,1.016011105097121,0.977626213005122,30.09168,30.04662,31.581137,42.23409133333333,49.9255685,-57.267123287671225,30.976316721973674,39.1640840355876,41.66348780647372,255127.965,395295.652,13080.0,0.0383941093720689,0.0383941093720689,-0.03045843045843033,-0.0201036594942672,False,False,25.05645578711529,28.45,32.3,0
2025-07-23,31.215,31.24,29.97,30.8,30.8,7400,1.2049338176755202,1.0971105946876805,1.022360827469693,0.9834736887450196,30.16848,30.051620000000003,31.269137,41.952758,49.7145685,-57.8082191780822,23.054862638693532,31.41513808287084,36.804375670006166,252488.065,379141.152,12550.0,0.0391212278466078,0.0391212278466078,-0.02866693998549308,-0.029615626969124,False,False,25.730463625178317,28.45,32.3,0
2025-07-24,30.0,30.455,30.0,30.455,30.455,9000,1.1644404359079683,1.0822550649532965,1.0168018067829507,0.9798042149701196,30.23468,30.05002,30.953687,41.66912466666667,49.50184349999999,-58.28082191780823,17.269125115256656,25.532097015614653,32.639422410176834,257944.915,349446.732,11578.0,0.038234786928516444,0.0382347869285164,-0.05183686176836855,-0.0571207430340556,False,False,26.21738138305773,28.45,32.3,0
2025-07-25,29.933,30.8,29.933,30.275,30.275,2200,1.1346963923171716,1.0714923117056316,1.013056761613377,0.9775481306707172,30.29348,30.032920000000004,30.636437,41.38429133333333,49.2882185,-58.52739726027397,14.434243731898135,22.589314868065895,30.573883521824097,258764.265,333719.592,11074.0,0.037479649622367356,0.0374796496223673,-0.0294919057541273,-0.059052059052059,False,False,25.48375540225279,28.45,32.3,0
2025-07-28,30.0,30.52,29.805,29.805,29.805,5800,1.0927267530854543,1.0536676961203502,1.0056053425730425,0.9722971680573028,30.34768,30.01102,30.314487,41.09632466666667,49.072243500000006,-59.17123287671233,8.785533420106333,16.12061158932447,28.00929266481212,255782.865,332232.972,11030.0,0.03666253155797532,0.0366625315579753,-0.03230519480519478,-0.0600460437099876,False,False,26.134013941158724,28.45,32.3,0
2025-07-29,30.28,30.375,29.337,29.695,29.695,18900,1.0872540777769089,1.052884311314333,1.0064152090087162,0.9736112246961568,30.38548,30.00192,29.991437,40.80762466666666,48.8557185,-59.32191780821918,7.72432240899154,14.798228004208523,24.893515778063456,268697.64,305106.882,10136.0,0.03661404538733486,0.0366140453873348,-0.024954851420127988,-0.0754981320049812,False,False,25.97693457961241,28.45,32.3,0
2025-07-30,28.76,30.49,28.75,30.49,30.49,11900,1.1525286699992177,1.087240095748616,1.024754828783498,0.9889390002022336,30.44748,30.00438,29.676337,40.52422466666667,48.6431685,-58.232876712328775,60.04484821250616,52.41391952764507,24.855853484883543,280269.19,301613.584,10020.0,0.0378002187602236,0.0378002187602236,0.007101568951279891,-0.0225997756050649,False,False,26.772273950418768,28.45,32.3,0
2025-07-31,30.5,30.5,29.35,29.865,29.865,2900,1.1522758029992957,1.090378090961185,1.0278859580639106,0.992160220198189,30.48448,29.98488,29.354987,40.236658,48.4274935,-59.089041095890416,35.98441470940645,35.83178349159482,24.75431168527032,264865.615,287123.914,9552.0,0.03858281610578589,0.0385828161057858,0.0020130850528434774,-0.0303571428571429,False,False,26.675832103064312,28.45,32.3,0
2025-08-01,29.33,29.33,27.8,29.185,29.185,19700,1.2435482226993657,1.1391091864131258,1.0538138091123126,1.0136170157942253,30.47028,29.94778,29.026837,40.01789133333333,48.2084185,-60.02054794520547,21.75658658014701,24.56004994836337,29.142256621803565,287650.84,290676.564,9690.0,0.04260915616581688,0.0426091561658168,-0.017174608519952894,-0.0417008701362666,False,False,27.88881481582529,28.45,32.3,0
2025-08-04,28.35,30.2,28.01,29.525,29.525,7600,1.338193400429429,1.1916537270924694,1.0822184638845047,1.0371446754783409,30.47408,29.92988,28.702087,39.801391333333335,47.9910435,-59.55479452054795,39.65220900230221,37.63828353190445,28.17575433903125,293010.34,281536.204,9394.0,0.045324077914629265,0.0453240779146292,-0.03164972122007215,-0.0247729149463253,False,False,27.54401811100512,28.45,32.3,0
2025-08-05,29.01,29.644,28.8,28.8,28.8,2900,1.2887740603864857,1.1742710407378458,1.076263002287392,1.0332817819687738,30.43808,29.902020000000004,28.740087,39.580058,47.7700435,-60.54794520547946,22.899715573131655,25.21177837195896,27.3473238109407,291980.09,265271.962,8858.0,0.044749099318975194,0.0447490993189751,-0.03566047212456047,-0.0337191746351283,False,False,28.341613359978705,28.45,32.3,0
2025-08-06,27.91,29.25,27.91,29.25,29.25,2700,1.293896654347837,1.1825574887009536,1.082856427230207,1.0394161463293985,30.44008,29.90362,28.784787,39.36172466666667,47.5512935,-59.93150684931506,44.66548210253504,41.26114550078624,29.17246419723281,283701.41,256058.562,8542.0,0.04423578305462691,0.0442357830546269,0.00222717149220486,-0.0149856878262333,False,False,28.96240854787161,28.45,32.3,0
2025-08-07,28.51,30.0,28.51,29.755,29.755,3600,1.313506988913053,1.1979296142659055,1.0930350165494516,1.0484278234028102,30.43428,29.90782,28.817336,39.146758000000005,47.3350685,-59.23972602739727,62.49048358741007,55.53796932084818,27.06321921183502,281356.30999999994,252587.372,8424.0,0.04414407625316932,0.0441440762531693,0.007790008467400522,-0.0241062643489669,True,True,29.28802789788147,28.45,32.3,0
2025-08-08,29.33,29.74,29.26,29.453,29.453,2600,1.2316562900217476,1.1627831335526104,1.0780841411357152,1.037359266934754,30.42,29.91848,28.848769,38.929778,47.1173335,-59.65342465753424,48.48125750312345,46.521889042278346,25.255294938636915,270150.19999999995,241972.528,8056.0,0.041817685465716486,0.0418176854657164,0.02267361111111099,-0.0137954126904402,False,False,27.65882458122175,28.45,32.3,0
2025-08-11,29.26,30.0,29.26,29.595,29.595,8900,1.1824906610195727,1.1416439768749798,1.069632037607322,1.031412081596059,30.4318,29.92778,28.889294,38.71374466666667,46.9003085,-59.45890410958904,55.515000686523166,51.46192861419302,22.403135602608284,244481.275,241472.698,8036.0,0.039955758101691934,0.0399557581016919,0.011794871794871709,0.0140483124892925,False,False,25.621434578604248,28.45,32.3,0
2025-08-12,29.25,29.79,29.25,29.45,29.45,2600,1.1182415949176154,1.1115617780312308,1.056391236667139,1.0215838399641377,30.4198,29.93316,28.918694,38.496744666666665,46.6825585,-59.65753424657534,45.913619701780384,45.712699302267325,20.00663834056577,240216.07499999995,239268.93,7960.0,0.03797085211944365,0.0379708521194436,-0.010250378087716339,-0.0025402201524131,False,False,25.62396222290055,28.45,32.3,0
2025-08-13,29.25,29.99,29.25,29.74,29.74,2100,1.0804174354258538,1.0929836891296691,1.0484814557504607,1.0159521631648551,30.41648,29.94338,28.955744,38.281678,46.4662585,-59.260273972602754,64.38999129094506,58.17345314181591,17.50288717424586,240108.775,235432.164,7828.0,0.03632876380046583,0.0363287638004658,0.009744338437510658,0.0326388888888888,False,False,24.91430759376852,28.45,32.3,0
2025-08-14,29.17,29.75,28.281,29.104,29.104,6700,1.1192756918832685,1.1117845046731858,1.0589944193566994,1.0250131199015582,30.37264,29.924940000000003,28.985384,38.06237133333333,46.2467785,-60.13150684931507,30.3186582732595,34.80964866846473,19.07815512304152,225244.74,233326.9,7762.0,0.03845779590033221,0.0384577959003322,-0.016590640310863325,-0.0049914529914529,False,False,25.67475258734149,28.45,32.3,0
2025-08-15,29.0,29.0,28.485,28.595,28.595,3083,1.0692481226949417,1.0871452794395269,1.047994558872782,1.016892857503527,30.27644,29.90028,28.997934,37.839671333333335,46.0247535,-60.82876712328768,18.541051585702466,24.366839782284885,20.4283847934378,196675.29925,231391.3957,7699.66,0.037392835205278606,0.0373928352052786,-0.029032258064516148,-0.038985044530331,False,False,25.848124271302908,28.45,32.3,0
