Date,Open,High,Low,Close,AdjClose,Volume
2017-09-22,16.64,16.64,16.64,16.64,15.2808,1000
2017-09-25,12.6,199999.0,12.6,199999.0,183662.8599,69185
2017-09-29,11.0,11.0,11.0,11.0,10.1015,4300
2017-10-02,13.0,199999.0,13.0,199999.0,183662.8599,48584
2017-10-09,14.5,14.5,14.5,14.5,13.3156,265528
2017-10-10,23.75,23.76,18.82,23.76,21.8193,1900
2017-10-11,23.76,23.76,23.76,23.76,21.8193,100
2017-10-12,17.11,17.11,17.11,17.11,15.7124,401
2017-10-13,13.0,14.3,13.0,14.3,13.132,2433
2017-10-16,10.99,10.99,10.99,10.99,10.0923,16100
2017-10-17,15.01,15.01,15.01,15.01,13.784,200
2017-10-18,15.01,15.01,15.01,15.01,13.784,110
2017-10-19,15.01,15.01,15.01,15.01,13.784,110
2017-10-20,15.01,15.01,15.01,15.01,13.784,100
2017-10-23,14.5,14.5,14.5,14.5,13.3156,55993
2017-10-24,13.1,13.1,12.5,12.5,11.479,3885
2017-10-26,12.5,12.5,12.5,12.5,11.479,50
2017-10-27,15.95,15.95,15.95,15.95,14.6472,100
2017-10-30,13.0,13.0,13.0,13.0,11.9381,27112
2017-11-02,16.95,16.95,16.95,16.95,15.5655,900
2017-11-03,18.65,18.65,17.0,17.0,15.6114,3100
2017-11-06,9.98,9.98,9.98,9.98,9.1648,31500
2017-11-13,11.85,11.85,11.85,11.85,10.8821,59139
2017-11-17,10.68,10.68,9.62,9.62,8.8342,1200
2017-11-20,13.8,13.8,13.8,13.8,12.6728,129516
2017-11-27,12.25,25.39,12.25,25.39,23.3161,142973
2017-11-28,25.39,25.39,25.39,25.39,23.3161,100
2017-11-29,24.04,25.73,23.91,24.44,22.4437,6701
2017-11-30,24.44,24.44,24.44,24.44,22.4437,100
2017-12-01,30.0,31.28,24.0,24.0,22.0397,2100
2017-12-04,11.0,11.0,11.0,11.0,10.1015,191100
2017-12-07,11.0,11.0,11.0,11.0,10.1015,100
2017-12-08,11.0,11.0,11.0,11.0,10.1015,100
2017-12-11,11.0,11.0,11.0,11.0,10.1015,317970
2017-12-12,11.0,11.0,11.0,11.0,10.1015,100
2017-12-13,11.0,11.0,11.0,11.0,10.1015,100
2017-12-14,11.0,11.0,11.0,11.0,10.1015,100
2017-12-15,11.0,11.0,11.0,11.0,10.1015,100
2017-12-18,10.0,10.0,10.0,10.0,9.1832,82825
2017-12-19,10.0,10.0,10.0,10.0,9.1832,100
2017-12-20,10.0,10.0,10.0,10.0,9.1832,100
2017-12-21,10.0,10.0,10.0,10.0,9.1832,100
2017-12-27,10.0,10.0,10.0,10.0,9.1832,100
2017-12-28,10.0,10.0,10.0,10.0,9.1832,100
2017-12-29,10.0,10.0,10.0,10.0,9.1832,100
2018-01-02,12.5,12.5,12.5,12.5,11.479,25290
2018-01-03,12.5,12.5,12.5,12.5,11.479,100
2018-01-04,12.5,12.5,12.5,12.5,11.479,100
2018-01-05,12.5,12.5,12.5,12.5,11.479,100
2018-01-08,11.2,11.2,11.2,11.2,10.2852,135476
2018-01-10,9.0,9.0,9.0,9.0,8.2649,1100
2018-01-11,13.0,13.0,12.2,12.2,11.2035,152388
2018-01-12,14.64,14.64,14.64,14.64,13.4442,600
2018-01-17,13.0,13.0,13.0,13.0,11.9381,46086
2018-01-18,13.0,13.0,13.0,13.0,11.9381,1000
2018-01-19,10.0,10.0,10.0,10.0,9.1832,158763
2018-01-22,11.0,11.0,11.0,11.0,10.1015,76437
2018-01-23,11.0,11.0,11.0,11.0,10.1015,100
2018-01-24,11.0,11.0,11.0,11.0,10.1015,100
2018-01-25,11.0,11.0,11.0,11.0,10.1015,100
2018-01-26,11.0,11.0,11.0,11.0,10.1015,100
2018-01-29,11.0,11.0,11.0,11.0,10.1015,95802
2018-01-30,11.0,11.0,11.0,11.0,10.1015,200
2018-01-31,11.0,11.0,11.0,11.0,10.1015,100
2018-02-01,11.0,11.0,11.0,11.0,10.1015,27060
2018-02-02,10.0,10.0,10.0,10.0,9.1832,200
2018-02-05,17.75,18.1,17.75,18.1,16.6216,128645
2018-02-06,18.1,18.1,18.1,18.1,16.6216,100
2018-02-07,18.1,18.1,18.1,18.1,16.6216,100
2018-02-08,18.1,18.1,18.1,18.1,16.6216,100
2018-02-09,18.1,18.1,18.1,18.1,16.6216,100
2018-02-12,12.5,12.5,12.5,12.5,11.479,263318
2018-02-13,12.5,12.5,12.5,12.5,11.479,101
2018-02-14,63999.36,63999.36,5.0,5.0,4.5916,401
2018-02-15,5.0,5.0,5.0,5.0,4.5916,102
2018-02-16,10.0,10.0,10.0,10.0,9.1832,200
2018-02-20,18.0,18.0,18.0,18.0,16.5297,78812
2018-02-21,18.0,18.0,18.0,18.0,16.5297,100
2018-02-22,18.0,18.0,18.0,18.0,16.5297,300
2018-02-23,18.0,18.0,18.0,18.0,16.5297,100
2018-02-26,11.0,11.0,11.0,11.0,10.1015,172921
2018-02-27,11.0,11.0,11.0,11.0,10.1015,100
2018-02-28,11.0,11.0,11.0,11.0,10.1015,2367
2018-03-01,11.0,11.0,11.0,11.0,10.1015,100
2018-03-02,14.08,14.1,14.08,14.08,12.9299,510
2018-03-05,14.4,14.4,14.4,14.4,13.2238,104815
2018-03-06,14.4,14.4,14.4,14.4,13.2238,100
2018-03-07,14.4,14.4,14.4,14.4,13.2238,100
2018-03-08,18.0,18.0,18.0,18.0,16.5297,70100
2018-03-09,18.0,18.0,18.0,18.0,16.5297,100
2018-03-12,13.4,13.4,13.4,13.4,12.3055,110293
2018-03-19,11.5,11.5,11.5,11.5,10.5607,172223
2018-03-26,14.1,14.1,9.9,11.55,10.6066,172835
2018-03-27,14.0,14.0,13.75,13.75,12.6269,215397
2018-03-28,13.75,13.75,13.75,13.75,12.6269,100
2018-03-29,13.75,13.75,13.75,13.75,12.6269,100
2018-04-02,12.5,12.5,12.5,12.5,11.479,217571
2018-04-03,12.5,12.5,12.5,12.5,11.479,100
2018-04-04,12.5,12.5,12.5,12.5,11.479,100
2018-04-05,12.5,12.5,12.5,12.5,11.479,100
2018-04-06,16.0,16.0,16.0,16.0,14.6931,200
2018-04-09,11.5,11.5,11.5,11.5,10.5607,63536
2018-04-10,10.67,11.16,10.67,11.16,10.2484,2100
2018-04-11,11.16,11.16,11.16,11.16,10.2484,100
2018-04-12,11.16,11.16,11.16,11.16,10.2484,100
2018-04-13,11.16,11.16,11.16,11.16,10.2484,100
2018-04-16,13.9,13.9,13.9,13.9,12.7646,74535
2018-04-17,13.9,13.9,13.9,13.9,12.7646,100
2018-04-18,18.0,18.0,18.0,18.0,16.5297,1000
2018-04-23,13.0,13.0,13.0,13.0,11.9381,230135
2018-04-24,13.0,13.0,13.0,13.0,11.9381,100
2018-04-26,13.0,13.0,13.0,13.0,11.9381,100
2018-04-30,12.0,12.0,12.0,12.0,11.0198,53743
2018-05-01,12.0,12.0,12.0,12.0,11.0198,100
2018-05-02,12.0,12.0,12.0,12.0,11.0198,100
2018-05-03,12.0,12.0,12.0,12.0,11.0198,100
2018-05-04,12.0,12.0,12.0,12.0,11.0198,100
2018-05-07,10.5,10.5,10.5,10.5,9.6423,32647
2018-05-08,10.5,10.5,10.5,10.5,9.6423,100
2018-05-09,10.5,10.5,10.5,10.5,9.6423,100
2018-05-10,12.35,12.35,12.35,12.35,11.3412,116594
2018-05-11,12.35,12.35,12.35,12.35,11.3412,100
2018-05-14,14.69,14.69,14.69,14.69,13.4901,77500
2018-05-15,14.69,14.69,14.69,14.69,13.4901,100
2018-05-17,14.69,14.69,14.69,14.69,13.4901,100
2018-05-18,14.69,14.69,14.69,14.69,13.4901,100
2018-05-21,11.6,12.0,11.6,11.6,10.6525,149616
2018-05-22,11.6,11.6,11.6,11.6,10.6525,100
2018-05-23,11.6,11.6,11.6,11.6,10.6525,100
2018-05-24,11.6,11.6,11.6,11.6,10.6525,100
2018-05-25,11.6,11.6,11.6,11.6,10.6525,100
2018-05-29,15.2,15.2,15.2,15.2,13.9584,129364
2018-05-30,15.2,15.2,15.2,15.2,13.9584,100
2018-05-31,15.2,15.2,15.2,15.2,13.9584,104
2018-06-01,15.2,15.2,15.2,15.2,13.9584,220
2018-06-04,17.0,17.0,17.0,17.0,15.6114,120272
2018-06-05,17.0,17.5,17.0,17.0,15.6114,3116
2018-06-06,17.0,17.0,17.0,17.0,15.6114,114
2018-06-07,10.89,10.89,7.75,7.75,7.117,600
2018-06-08,7.75,7.75,7.75,7.75,7.117,100
2018-06-11,19.85,19.85,19.85,19.85,18.2286,222597
2018-06-12,19.85,19.85,19.85,19.85,18.2286,102
2018-06-13,19.85,19.85,19.85,19.85,18.2286,100
2018-06-14,0.0072,0.0072,0.0072,0.0072,0.0066,800
2018-06-15,0.0072,0.0072,0.0072,0.0072,0.0066,100
2018-06-18,15.0,15.0,15.0,15.0,13.7748,114688
2018-06-19,15.0,15.0,15.0,15.0,13.7748,100
2018-06-20,15.0,15.0,15.0,15.0,13.7748,100
2018-06-21,12.05,12.05,12.05,12.05,11.0657,249408
2018-06-25,12.8,12.8,10.81,10.81,9.927,260593
2018-06-26,16.6,16.6,16.6,16.6,15.2441,6100
2018-06-27,16.6,16.6,16.6,16.6,15.2441,220
2018-06-28,16.6,16.6,16.6,16.6,15.2441,100
2018-06-29,16.6,16.6,16.6,16.6,15.2441,100
2018-07-02,12.95,12.95,12.95,12.95,11.8922,30543
2018-07-03,12.95,12.95,12.95,12.95,11.8922,100
2018-07-05,12.95,12.95,12.95,12.95,11.8922,100
2018-07-06,12.95,12.95,12.95,12.95,11.8922,100
2018-07-09,10.25,10.25,10.25,10.25,9.4128,48931
2018-07-10,10.25,10.25,10.25,10.25,9.4128,200
2018-07-11,10.25,10.25,10.25,10.25,9.4128,100
2018-07-12,10.25,10.25,10.25,10.25,9.4128,100
2018-07-13,10.25,10.25,10.25,10.25,9.4128,100
2018-07-16,14.0,14.0,14.0,14.0,12.8565,178476
2018-07-17,14.0,14.0,14.0,14.0,12.8565,100
2018-07-18,14.0,14.0,14.0,14.0,12.8565,200
2018-07-20,14.0,14.0,14.0,14.0,12.8565,100
2018-07-23,10.0,10.0,10.0,10.0,9.1832,11100
2018-07-24,10.0,10.0,10.0,10.0,9.1832,102
2018-07-25,10.0,10.0,10.0,10.0,9.1832,100
2018-07-26,10.0,10.0,10.0,10.0,9.1832,100
2018-07-27,10.0,10.0,10.0,10.0,9.1832,100
2018-07-30,12.0,12.0,12.0,12.0,11.0198,27875
2018-07-31,12.0,12.0,12.0,12.0,11.0198,100
2018-08-01,12.0,12.0,12.0,12.0,11.0198,300
2018-08-02,12.0,12.0,12.0,12.0,11.0198,100
2018-08-03,13.0,13.0,13.0,13.0,11.9381,155020
2018-08-06,12.0,12.0,12.0,12.0,11.0198,88419
2018-08-07,12.0,12.0,12.0,12.0,11.0198,100
2018-08-08,12.0,12.0,12.0,12.0,11.0198,100
2018-08-09,12.0,12.0,12.0,12.0,11.0198,100
2018-08-10,12.0,12.0,12.0,12.0,11.0198,100
2018-08-13,14.67,14.67,14.67,14.67,13.4717,65252
2018-08-14,14.67,14.67,14.67,14.67,13.4717,100
2018-08-15,14.67,14.67,14.67,14.67,13.4717,100
2018-08-16,14.67,14.67,14.67,14.67,13.4717,100
2018-08-17,14.67,14.67,14.67,14.67,13.4717,100
2018-08-20,10.95,10.95,10.95,10.95,10.0556,85311
2018-08-21,10.95,10.95,10.95,10.95,10.0556,100
2018-08-22,9.95,9.95,9.95,9.95,9.1373,1500
2018-08-23,9.95,9.95,9.95,9.95,9.1373,100
2018-08-24,9.95,9.95,9.95,9.95,9.1373,100
2018-08-27,15.0,15.0,15.0,15.0,13.7748,1000
2018-08-28,15.0,15.0,15.0,15.0,13.7748,100
2018-08-29,15.0,15.0,15.0,15.0,13.7748,100
2018-08-30,15.0,15.0,15.0,15.0,13.7748,100
2018-08-31,15.0,15.0,15.0,15.0,13.7748,100
2018-09-04,15.0,15.0,15.0,15.0,13.7748,100
2018-09-05,15.0,15.0,15.0,15.0,13.7748,100
2018-09-06,15.0,15.0,15.0,15.0,13.7748,100
2018-09-07,15.0,15.0,10.0,10.0,9.1832,400
2018-09-10,11.5,11.5,11.5,11.5,10.5607,53250
2018-09-11,11.5,11.5,10.0,10.0,9.1832,1260
2018-09-12,10.0,10.0,10.0,10.0,9.1832,9550
2018-09-13,10.0,10.0,10.0,10.0,9.1832,150
2018-09-14,10.0,10.0,10.0,10.0,9.1832,250
2018-09-17,12.75,12.75,12.75,12.75,11.7086,68957
2018-09-18,10.0,14.69,10.0,10.0,9.1832,6650
2018-09-19,10.01,10.01,8.1,8.8,8.0812,3810
2018-12-21,10.04,10.04,9.99,10.0,9.1832,1000
2018-12-24,14.0,14.0,14.0,14.0,12.8565,100
2018-12-31,13.0,13.0,13.0,13.0,11.9381,100
2019-01-07,13.0,13.0,13.0,13.0,11.9381,64544
2019-01-14,30.0,30.0,30.0,30.0,27.5496,0
2019-01-22,12.0,12.0,12.0,12.0,11.0198,120190
2019-01-23,14.1,14.1,14.1,14.1,12.9483,100
2019-01-28,14.77,14.77,14.77,14.77,13.5636,328
2019-02-04,12.2,12.2,12.2,12.2,11.2035,100
2019-02-11,14.34,14.34,10.0,10.0,9.1832,200
2019-02-19,13.0,13.0,13.0,13.0,11.9381,100
2019-02-25,12.75,12.75,12.75,12.75,11.7086,200
2019-02-27,14.03,14.03,14.01,14.01,12.8656,800
2019-03-04,13.0,13.0,13.0,13.0,11.9381,100
2019-03-11,12.75,12.75,12.75,12.75,11.7086,206914
2019-03-12,11.5,11.5,10.2,10.2,9.3669,6200
2019-03-13,10.15,11.22,10.15,11.22,10.3035,100
2019-03-15,11.49,11.49,11.45,11.45,10.5148,300
2019-03-18,12.1,12.1,12.1,12.1,11.1117,100
2019-03-20,11.0,11.7,10.89,11.5,10.5607,3780
2019-03-21,10.0,10.0,10.0,10.0,9.1832,100
2019-03-25,13.0,13.0,13.0,13.0,11.9381,335308
2019-03-27,11.7,12.0,11.7,11.99,11.0106,20802
2019-03-28,0.01,0.01,0.01,0.01,0.0092,300
2019-04-01,0.01,10.0,0.01,10.0,9.1832,1310
2019-04-08,9.0,9.0,9.0,9.0,8.2649,100
2019-04-11,9.0,9.0,9.0,9.0,8.2649,200
2019-04-15,14.0,14.0,11.52,11.52,10.579,200
2019-04-22,15.5,15.5,15.5,15.5,14.2339,100
2019-04-29,12.1,12.1,12.1,12.1,11.1117,100
2019-05-06,13.0,163838.3594,13.0,13.01,11.9473,200
2019-05-08,13.0,163838.3594,13.0,163838.3594,150455.8605,200
2019-05-13,12.95,12.95,12.95,12.95,11.8922,100
2019-05-20,18.49,18.49,18.49,18.49,16.9797,155164
2019-05-28,12.44,12.44,12.44,12.44,11.4239,371861
2019-05-29,7.9,7.9,7.9,7.9,7.2547,100
2019-06-03,13.0,13.0,13.0,13.0,11.9381,34816
2019-06-04,11.51,11.51,11.51,11.51,10.5699,200
2019-06-10,17.85,127998.7188,17.85,17.85,16.392,100
2019-06-14,17.85,17.85,17.85,17.85,16.392,105
2019-06-17,15.1,15.1,15.1,15.1,13.8666,50000
2019-06-18,15.1,15.1,15.1,15.1,13.8666,105
2019-06-19,12.0,12.2,12.0,12.2,11.2035,227721
2019-06-20,12.0,12.2,12.0,12.2,11.2035,100
2019-06-24,12.2,12.2,12.2,12.2,11.2035,69665
2019-06-25,0.0052,0.0067,0.0052,0.0052,0.0048,200
2019-06-26,0.0052,132924.0,0.0052,132923.6719,122066.319,100
2019-07-01,12.85,12.85,12.85,12.85,11.8004,100
2019-07-08,14.05,14.05,14.05,14.05,12.9024,100
2019-07-10,15.0,15.0,15.0,15.0,13.7748,100
2019-07-15,14.2,14.2,14.2,14.2,13.0401,200
2019-07-22,15.0,15.0,15.0,15.0,13.7748,100
2019-07-26,14.0,14.0,14.0,14.0,12.8565,300
2019-07-29,13.9,13.9,13.9,13.9,12.7646,82500
2019-07-30,15.0,15.0,15.0,15.0,13.7748,100
2019-08-05,12.45,12.45,12.45,12.45,11.4331,100
2019-08-07,14.0,14.0,14.0,14.0,12.8565,100
2019-08-12,11.6,11.6,11.6,11.6,10.6525,100
2019-08-19,13.5,13.5,13.5,13.5,12.3973,100
2019-08-26,17.0,17.0,17.0,17.0,15.6114,100
2019-09-03,13.0,17.0,13.0,17.0,15.6114,100
2019-09-09,12.6,17.0,12.6,12.6,11.5708,100
2019-09-16,13.0,13.1,13.0,13.1,12.03,100
2019-09-18,9.99,9.99,9.99,9.99,9.174,1000
2019-09-19,9.9,9.9,9.9,9.9,9.0914,400
2019-09-20,10.01,10.01,10.01,10.01,9.1924,200
2019-09-23,13.2,13.2,13.2,13.2,12.1218,100
2019-09-30,15.2,15.2,15.2,15.2,13.9584,100
2019-10-03,15.75,15.75,14.95,14.95,13.7289,100
2019-10-07,14.0,14.0,14.0,14.0,12.8565,100
2019-10-14,14.0,14.0,14.0,14.0,12.8565,100
2019-10-21,16.75,16.75,16.75,16.75,15.3818,100
2019-10-24,11.8,11.8,11.8,11.8,10.8362,100
2019-10-28,15.2,15.2,15.2,15.2,13.9584,100
2019-11-01,5.0,5.0,5.0,5.0,4.5916,1000
2019-11-04,13.4,13.4,13.4,13.4,12.3055,100
2019-11-06,12.15,12.15,12.15,12.15,11.1576,25500
2019-11-11,14.9,15.1,14.9,14.9,13.683,60059
2019-11-12,15.1,15.1,15.1,15.1,13.8666,200
2019-11-13,14.9,14.9,14.9,14.9,13.683,200
2019-11-14,15.1,15.1,15.0,15.1,13.8666,1300
2019-11-15,15.1,15.1,15.1,15.1,13.8666,5100
2019-11-18,15.4,15.4,14.9,14.9,13.683,29742
2019-11-19,14.9,14.9,14.9,14.9,13.683,400
2019-11-20,15.4,15.4,14.9,14.9,13.683,100
2019-11-25,12.3,12.3,12.3,12.3,11.2953,100
2019-11-27,5.0,5.0,5.0,5.0,4.5916,1100
2019-12-02,15.5,15.5,15.5,15.5,14.2339,100
2019-12-05,13.81,13.81,11.16,11.16,10.2484,700
2019-12-09,14.0,14.01,13.99,14.01,12.8656,256376
2019-12-10,12.62,12.62,10.75,10.75,9.8719,3400
2019-12-16,14.99,15.0,14.99,15.0,13.7748,236045
2019-12-17,15.0,15.0,15.0,15.0,13.7748,100
2019-12-23,15.9,15.9,15.9,15.9,14.6013,100
2019-12-30,15.0,15.0,15.0,15.0,13.7748,100
2020-01-06,15.0,15.0,15.0,15.0,13.7748,6500
2020-01-07,15.0,15.02,14.99,14.99,13.7656,100
2020-01-13,13.8,13.8,13.8,13.8,12.9375,131751
2020-01-21,23.0,23.0,23.0,23.0,21.5624,100
2020-01-27,13.5,13.5,13.5,13.5,12.6562,394802
2020-02-03,14.7,14.7,14.7,14.7,13.7812,100
2020-02-05,14.7,14.7,14.7,14.7,13.7812,300
2020-02-06,14.7,14.7,14.7,14.7,13.7812,100
2020-02-10,10.0,10.0,9.99,9.99,9.3656,69848
2020-02-11,9.98,9.99,9.98,9.99,9.3656,200
2020-02-18,15.23,15.23,15.23,15.23,14.5856,100
2020-02-24,14.0,14.0,14.0,14.0,13.4076,85100
2020-03-02,15.0,15.0,14.2,15.0,14.3653,100
2020-03-10,13.0,13.0,13.0,13.0,12.4499,61478
2020-03-17,14.0,14.0,14.0,14.0,13.6822,109224
2020-03-18,14.0,17.92,14.0,17.92,17.5132,100
2020-03-23,15.2,2559.97,15.2,2559.97,2501.8507,2
2020-03-30,16.0,33.54,16.0,33.54,32.7785,101
2020-04-06,17.5,28.67,17.5,28.67,28.0191,261386
2020-04-13,21.0,21.0,21.0,21.0,20.5232,75101
2020-04-15,15.12,21.76,15.12,21.76,21.266,101
2020-04-17,27.85,27.85,27.85,27.85,27.4726,200
2020-04-20,21.22,21.22,21.22,21.22,20.9325,502
2020-04-23,19.15,19.15,17.25,17.25,17.0163,300
2020-04-27,30.4,30.4,30.4,30.4,29.9881,501
2020-05-04,20.8,20.8,20.8,20.8,20.5182,100
2020-05-11,15.44,15.55,15.44,15.55,15.3393,100
2020-05-15,19.98,19.98,19.5,19.75,19.6057,5950
2020-05-18,22.3,22.3,22.3,22.3,22.137,91718
2020-05-19,20.0,20.0,16.72,16.72,16.5978,100
2020-05-29,19.73,19.73,19.73,19.73,19.5858,5
2020-06-01,32.1,32.1,32.1,32.1,31.8654,100
2020-06-08,30.35,30.35,30.35,30.35,30.1282,72006
2020-06-09,30.3,30.35,30.3,30.3,30.0786,10000
2020-06-10,49.15,49.15,49.15,49.15,48.7908,200
2020-06-15,24.32,24.32,24.32,24.32,24.1423,501
2020-06-18,17.1,17.1,17.1,17.1,16.975,100
2020-06-22,18.43,18.43,18.43,18.43,18.2953,501
2020-06-24,19.0,19.0,19.0,19.0,18.8612,100
2020-06-29,12.7,12.7,12.7,12.7,12.6072,55501
2020-07-06,16.2,16.2,15.0,16.2,16.0816,501
2020-07-08,13.83,13.83,13.83,13.83,13.7289,501
2020-07-13,17.0,17.7,17.0,17.7,17.5707,39997
2020-07-14,27.85,27.85,27.85,27.85,27.6465,103
2020-07-20,28.62,28.62,28.62,28.62,28.4109,100
2020-07-27,22.0,22.0,22.0,22.0,21.8392,100
2020-07-30,22.0,22.0,22.0,22.0,21.8392,101
2020-08-03,13.31,13.31,13.31,13.31,13.2127,41751
2020-08-10,12.81,12.81,12.81,12.81,12.7164,401
2020-08-17,31.44,31.44,31.44,31.44,31.2102,101
2020-08-24,28.24,28.24,28.24,28.24,28.0336,102
2020-08-26,20.34,20.34,20.34,20.34,20.1914,100
2020-08-31,10.3,10.3,10.3,10.3,10.2247,50500
2020-09-01,8.98,8.98,8.98,8.98,8.9144,402
2020-09-03,8.98,8.98,5.97,5.97,5.9264,5
2020-09-04,7.64,7.64,3.1,3.1,3.0773,4
2020-09-08,12.2,13.0,12.2,13.0,12.905,199999
2020-09-09,14.4,14.4,14.4,14.4,14.2948,1
2020-09-14,21.24,21.24,21.24,21.24,21.0848,100
2020-09-21,17.92,17.92,17.92,17.92,17.789,101
2020-09-24,12.91,12.91,12.91,12.91,12.8157,101
2020-09-25,14.0,14.0,14.0,14.0,13.8977,100
2020-09-28,13.3,17.02,13.3,17.02,16.8956,1189540
2020-09-29,22.84,22.84,22.84,22.84,22.6731,100
2020-10-05,21.29,21.29,21.29,21.29,21.1344,101
2020-10-12,21.76,21.76,21.76,21.76,21.601,101
2020-10-14,25.66,25.66,25.66,25.66,25.4725,100
2020-10-19,32.0,32.0,32.0,32.0,31.7662,687582
2020-10-20,32.0,40.96,32.0,40.96,40.6607,731
2020-10-22,67.09,67.09,67.09,67.09,66.5997,2
2020-10-26,15.0,15.0,15.0,15.0,14.8904,750101
2020-10-27,19.2,19.2,19.2,19.2,19.0597,100
2020-10-29,22.65,22.65,22.65,22.65,22.4845,100
2020-11-02,15.6,15.6,15.6,15.6,15.486,149459
2020-11-03,15.6,16.0,14.0,16.0,15.8831,1646
2020-11-04,10.8,10.8,10.8,10.8,10.7211,501
2020-11-09,42.88,42.88,42.88,42.88,42.5666,2
2020-11-11,33.5,54.88,22.24,22.24,22.0775,7
2020-11-12,28.46,28.46,11.54,11.54,11.4557,107
2020-11-13,8.31,8.31,8.31,8.31,8.2493,204
2020-11-16,20.48,20.48,20.48,20.48,20.3303,105
2020-11-19,18.88,18.88,18.88,18.88,18.742,101
2020-11-23,30.92,30.92,30.92,30.92,30.694,101
2020-11-30,15.25,15.25,15.25,15.25,15.1386,97963
2020-12-01,15.24,15.24,12.0,12.0,11.9123,100
2020-12-07,14.75,14.75,14.75,14.75,14.6422,100
2020-12-11,14.75,14.75,14.75,14.75,14.6422,200
2020-12-14,19.2,19.5,19.2,19.5,19.3575,329553
2020-12-15,20.0,20.0,20.0,20.0,19.8538,620
2020-12-21,15.0,15.0,15.0,15.0,14.8904,100
2020-12-28,15.15,15.15,15.15,15.15,15.0393,100
2021-01-04,22.0,22.0,22.0,22.0,21.8392,100
2021-01-11,15.0,15.0,15.0,15.0,14.8904,135100
2021-01-12,15.0,15.0,14.5,14.5,14.394,300
2021-01-13,18.56,18.56,18.56,18.56,18.4244,100
2021-01-19,15.36,15.36,15.36,15.36,15.2478,100
2021-01-25,13.75,13.75,13.75,13.75,13.6495,250101
2021-01-27,13.67,13.67,13.67,13.67,13.5701,200
2021-02-01,15.2,15.2,15.2,15.2,15.0889,100
2021-02-08,14.0,14.0,14.0,14.0,13.8977,53428
2021-02-09,12.7,15.4,12.7,12.7,12.6072,201
2021-02-16,11.0,11.0,11.0,11.0,10.9196,250001
2021-02-22,14.75,14.75,14.75,14.75,14.6422,100
2021-03-01,19.5,19.5,19.5,19.5,19.3575,100
2021-03-08,16.0,16.01,16.0,16.01,15.893,100
2021-03-15,17.0,17.0,17.0,17.0,16.8758,100
2021-03-22,17.92,17.92,17.92,17.92,17.789,100
2021-03-29,31.0,31.0,31.0,31.0,30.7735,198584
2021-03-30,31.0,31.0,31.0,31.0,30.7735,100
2021-04-05,31.78,31.78,31.78,31.78,31.5478,101
2021-04-12,15.67,15.67,15.67,15.67,15.5555,100
2021-04-19,15.5,15.5,15.5,15.5,15.3867,100
2021-04-26,33.0,33.0,33.0,33.0,32.7588,165300
2021-05-03,15.66,15.66,15.66,15.66,15.5456,100
2021-05-10,49.0,49.0,45.0,49.0,48.6419,332100
2021-05-14,35.28,35.28,35.28,35.28,35.0222,100
2021-05-17,25.0,25.0,25.0,25.0,24.8173,100
2021-05-24,17.0,17.0,17.0,17.0,16.8758,100
2021-06-01,21.76,21.76,21.76,21.76,21.601,100
2021-06-04,19.58,19.58,19.58,19.58,19.4369,512
2021-06-07,17.92,17.92,17.92,17.92,17.789,100
2021-06-14,123.0,123.0,123.0,123.0,122.1012,133430
2021-06-21,22.0,22.0,22.0,22.0,21.8392,100
2021-06-28,15.0,15.01,15.0,15.01,14.9003,100
2021-06-30,14.08,14.08,14.08,14.08,13.9771,3
2021-07-06,16.0,16.0,16.0,16.0,15.8831,100
2021-07-09,20.48,20.48,17.6,20.48,20.3303,30101
2021-07-12,16.0,16.0,16.0,16.0,15.8831,100
2021-07-14,11.52,11.52,11.52,11.52,11.4358,200
2021-07-19,16.0,16.0,16.0,16.0,15.8831,122327
2021-07-20,20.48,20.48,20.48,20.48,20.3303,100
2021-07-26,14.0,14.0,14.0,14.0,13.8977,182918
2021-07-27,17.93,17.93,17.92,17.92,17.789,100
2021-08-02,10.0,10.0,10.0,10.0,9.9269,10500
2021-08-09,19.88,19.88,19.88,19.88,19.7347,100
2021-08-16,19.2,19.2,19.2,19.2,19.0597,102
2021-08-23,14.5,14.5,14.5,14.5,14.394,117033
2021-08-30,13.4,13.4,13.4,13.4,13.3021,80100
2021-09-07,15.5,15.5,15.5,15.5,15.3867,100
2021-09-13,19.8,19.8,19.8,19.8,19.6553,100
2021-09-20,23.0,23.0,23.0,23.0,22.8319,100
2021-09-27,16.0,16.0,16.0,16.0,15.8831,100
2021-10-04,28.0,28.0,28.0,28.0,27.7954,256152
2021-10-11,17.0,17.0,17.0,17.0,16.8758,100
2021-10-18,10.05,10.05,10.05,10.05,9.9766,310
2021-10-25,17.0,17.0,17.0,17.0,16.8758,100
2021-11-01,16.0,16.0,16.0,16.0,15.8831,100
2021-11-08,17.0,17.0,17.0,17.0,16.8758,100
2021-11-15,19.0,19.0,19.0,19.0,18.8612,100
2021-11-22,46.0,46.0,46.0,46.0,45.6638,109044
2021-11-29,21.0,21.0,21.0,21.0,20.8465,100
2021-12-06,15.0,15.0,15.0,15.0,14.8904,100
2021-12-13,21.0,21.0,21.0,21.0,20.8465,100
2021-12-20,15.0,15.0,15.0,15.0,14.8904,100
2021-12-27,29.0,29.0,29.0,29.0,28.7881,41422
2022-01-03,17.5,17.5,17.5,17.5,17.3721,100
2022-01-10,19.0,20.0,19.0,19.0,18.8612,100
2022-01-18,15.0,15.0,15.0,15.0,14.8904,108
2022-01-24,22.0,154.82,15.4,154.82,153.6886,18124
2022-01-27,26.03,108.38,26.03,26.03,25.8398,100
2022-02-07,13.75,13.75,13.75,13.75,13.6495,75100
2022-02-14,16.0,16.0,16.0,16.0,15.8831,23005
2022-02-15,20.8,20.8,20.8,20.8,20.648,100
2022-02-22,16.2,16.2,16.2,16.2,16.0816,61794
2022-02-28,23.0,23.0,23.0,23.0,22.8319,63964
2022-03-02,29.9,29.9,29.9,29.9,29.6815,100
2022-03-07,33.0,33.0,33.0,33.0,32.7588,129669
2022-03-14,39.0,39.0,39.0,39.0,38.715,315000
2022-03-21,26.0,26.0,26.0,26.0,26.0,242228
2022-03-28,27.0,27.0,27.0,27.0,27.0,213122
2022-04-04,31.0,31.0,31.0,31.0,31.0,315858
2022-04-11,17.0,17.0,17.0,17.0,17.0,66615
2022-04-18,16.0,16.0,16.0,16.0,16.0,145000
2022-04-25,21.0,21.0,21.0,21.0,21.0,185921
2022-05-02,11.5,11.5,11.5,11.5,11.5,200000
2022-05-09,15.1,15.1,15.1,15.1,15.1,336150
2022-05-16,21.0,21.0,21.0,21.0,21.0,126378
2022-05-23,16.0,16.0,16.0,16.0,16.0,177553
2022-05-24,14.57,14.57,14.57,14.57,14.57,1100
2022-05-26,10.2,10.2,10.2,10.2,10.2,100
2022-05-31,13.07,13.07,13.07,13.07,13.07,175086
2022-06-06,27.0,27.0,27.0,27.0,27.0,489575
2022-06-13,17.0,17.0,17.0,17.0,17.0,183612
2022-06-21,27.0,27.0,27.0,27.0,27.0,66993
2022-06-27,31.0,31.0,31.0,31.0,31.0,78750
2022-07-05,18.5,18.5,18.5,18.5,18.5,216801
2022-07-11,27.0,31.0,27.0,27.0,27.0,251997
2022-07-12,35.1,45.63,35.1,45.63,45.63,1300
2022-07-18,22.0,22.0,22.0,22.0,22.0,295983
2022-07-25,22.0,22.0,22.0,22.0,22.0,156320
2022-07-29,22.0,22.0,22.0,22.0,22.0,200
2022-08-01,18.3,18.3,18.3,18.3,18.3,119878
2022-08-08,18.0,18.0,15.0,15.0,15.0,116644
2022-08-15,2.0,2.0,2.0,2.0,2.0,5100
2022-08-22,12.0,12.0,12.0,12.0,12.0,268825
2022-08-24,15.59,15.59,7.65,7.65,7.65,6400
2022-08-26,8.75,8.75,8.75,8.75,8.75,250
2022-08-29,25.0,25.0,21.0,21.0,21.0,74900
2022-09-06,18.0,18.0,18.0,18.0,18.0,73652
2022-09-08,12.6,12.6,12.21,12.21,12.21,49900
2022-09-12,15.5,15.5,15.5,15.5,15.5,264002
2022-09-19,14.0,14.0,14.0,14.0,14.0,160030
2022-09-23,10.01,10.01,10.01,10.01,10.01,100
2022-09-26,16.0,16.0,10.01,16.0,16.0,225156
2022-10-03,21.55,21.67,21.55,21.67,21.67,298151
2022-10-04,28.17,28.17,28.17,28.17,28.17,280
2022-10-10,22.0,22.0,22.0,22.0,22.0,125750
2022-10-17,13.5,13.5,13.5,13.5,13.5,171625
2022-10-24,18.28,18.28,18.28,18.28,18.28,17160
2022-10-31,16.0,18.0,16.0,16.0,16.0,157952
2022-11-07,16.0,16.0,16.0,16.0,16.0,165271
2022-11-14,18.1,18.1,18.1,18.1,18.1,439232
2022-11-21,18.1,18.1,18.1,18.1,18.1,173400
2022-11-28,10.0,10.0,10.0,10.0,10.0,5000
2022-12-05,15.0,15.0,15.0,15.0,15.0,471800
2022-12-12,42.0,42.0,42.0,42.0,42.0,2000
2022-12-19,22.0,22.0,22.0,22.0,22.0,165222
2022-12-27,23.0,23.0,23.0,23.0,23.0,325065
2023-01-03,14.88,14.88,14.88,14.88,14.88,344444
2023-01-09,9.99,9.99,9.99,9.99,9.99,36000
2023-01-17,19.0,19.0,19.0,19.0,19.0,221536
2023-01-18,18.65,18.65,18.65,18.65,18.65,99922
2023-01-23,15.0,15.0,13.5,13.5,13.5,225101
2023-01-30,17.43,17.43,17.43,17.43,17.43,53136
2023-02-06,13.85,13.85,13.85,13.85,13.85,38000
2023-02-08,9.7,9.7,9.7,9.7,9.7,100
2023-02-13,17.34,17.34,17.34,17.34,17.34,13321
2023-02-21,20.0,20.0,20.0,20.0,20.0,86618
2023-02-27,15.0,15.0,15.0,15.0,15.0,120599
2023-03-06,11.0,11.0,11.0,11.0,11.0,33312
2023-03-13,21.0,21.0,21.0,21.0,21.0,66732
2023-03-20,28.54,28.54,28.54,28.54,28.54,341935
2023-03-23,19.98,19.98,13.5,14.0,14.0,640100
2023-03-27,17.0,17.0,17.0,17.0,17.0,1
2023-03-29,11.9,11.9,8.33,8.33,8.33,1309
2023-03-30,9.0,9.0,9.0,9.0,9.0,500
2023-04-03,15.0,15.0,15.0,15.0,15.0,132744
2023-04-10,41.0,41.0,41.0,41.0,41.0,3
2023-04-17,26.0,26.0,26.0,26.0,26.0,530791
2023-04-24,20.0,20.0,20.0,20.0,20.0,135600
2023-04-25,33.8,33.8,33.8,33.8,33.8,300
2023-05-01,12.22,12.22,12.22,12.22,12.22,165000
2023-05-03,12.25,12.25,12.15,12.15,12.15,500
2023-05-08,10.0,10.0,10.0,10.0,10.0,37500
2023-05-10,10.01,13.03,4.93,4.93,4.93,4
2023-05-15,21.75,21.75,21.75,21.75,21.75,130679
2023-05-22,41.0,41.0,41.0,41.0,41.0,295727
2023-05-30,19.0,19.0,19.0,19.0,19.0,63104
2023-06-05,23.19,23.19,23.19,23.19,23.19,140385
2023-06-07,20.07,20.07,20.07,20.07,20.07,7000
2023-06-12,31.0,31.0,31.0,31.0,31.0,713500
2023-06-20,25.1,25.1,25.1,25.1,25.1,229873
2023-06-21,18.0,18.0,18.0,18.0,18.0,1000
2023-06-26,24.8,24.8,24.8,24.8,24.8,232090
2023-06-28,32.24,32.24,32.24,32.24,32.24,100
2023-06-29,32.24,32.24,32.24,32.24,32.24,0
2023-07-03,6.37,6.37,6.37,6.37,6.37,6
2023-07-10,26.0,26.0,26.0,26.0,26.0,464749
2023-07-12,23.0,25.0,23.0,25.0,25.0,9700
2023-07-13,42.25,42.25,42.25,42.25,42.25,200
2023-07-17,22.0,22.0,22.0,22.0,22.0,266101
2023-07-18,28.6,28.6,28.6,28.6,28.6,100
2023-07-19,20.02,20.02,20.02,20.02,20.02,100
2023-07-24,7.0,7.0,7.0,7.0,7.0,1
2023-07-31,19.0,19.0,19.0,19.0,19.0,42629
2023-08-07,13.0,15.0,12.0,14.0,14.0,116610
2023-08-08,18.2,23.66,18.2,23.66,23.66,300
2023-08-09,30.75,30.75,30.75,30.75,30.75,100
2023-08-16,39.97,51.96,39.97,51.96,51.96,200
2023-08-17,67.54,67.54,67.54,67.54,67.54,100
2023-08-21,26.0,26.0,26.0,26.0,26.0,128422
2023-08-22,33.8,33.82,33.8,33.82,33.82,1000
2023-08-23,30.05,30.05,30.05,30.05,30.05,1000
2023-08-24,39.06,39.06,39.06,39.06,39.06,100
2023-08-25,27.35,27.35,27.35,27.35,27.35,3100
2023-08-28,23.0,23.0,23.0,23.0,23.0,153634
2023-08-30,28.6,28.6,28.6,28.6,28.6,500
2023-08-31,30.0,30.0,30.0,30.0,30.0,600
2023-09-05,15.0,15.0,15.0,15.0,15.0,49036
2023-09-11,19.0,19.0,19.0,19.0,19.0,38654
2023-09-13,20.0,20.0,20.0,20.0,20.0,10850
2023-09-14,74.25,74.25,74.25,74.25,74.25,2900
2023-09-18,31.0,31.0,31.0,31.0,31.0,2
2023-09-21,40.3,52.39,40.3,52.39,52.39,200
2023-09-22,36.68,36.68,36.68,36.68,36.68,100
2023-09-25,31.0,31.0,31.0,31.0,31.0,132037
2023-09-27,41.0,41.0,41.0,41.0,41.0,2200
2023-10-02,25.0,25.0,25.0,25.0,25.0,92714
2023-10-03,17.58,17.58,17.58,17.58,17.58,100
2023-10-04,12.33,17.58,12.33,17.58,17.58,500
2023-10-06,22.85,22.9,22.8,22.9,22.9,12600
2023-10-09,9.98,9.98,9.98,9.98,9.98,10000
2023-10-10,20.72,26.93,20.72,26.93,26.93,25
2023-10-13,26.93,29.0,26.93,26.93,26.93,2100
2023-10-16,24.0,24.0,24.0,24.0,24.0,246287
2023-10-19,31.2,31.2,31.2,31.2,31.2,100
2023-10-23,17.0,17.0,17.0,17.0,17.0,70153
2023-10-25,22.1,28.73,22.1,22.1,22.1,101
2023-10-26,28.73,28.73,28.73,28.73,28.73,100
2023-10-30,15.0,15.0,15.0,15.0,15.0,146732
2023-11-02,19.5,19.5,19.5,19.5,19.5,100
2023-11-03,24.0,24.0,23.0,23.0,23.0,1555
2023-11-06,15.0,16.0,15.0,15.0,15.0,10555
2023-11-07,15.01,15.25,15.01,15.24,15.24,1000
2023-11-08,15.25,15.25,15.05,15.06,15.06,11500
2023-11-09,15.07,15.07,15.06,15.06,15.06,32500
2023-11-13,22.0,22.0,22.0,22.0,22.0,78277
2023-11-20,21.75,21.75,21.75,21.75,21.75,141719
2023-11-21,25.48,25.48,25.48,25.48,25.48,3000
2023-11-27,31.0,31.0,31.0,31.0,31.0,136400
2023-11-28,31.0,31.0,31.0,31.0,31.0,120
2023-11-29,52.39,52.39,52.39,52.39,52.39,1
2023-12-01,68.1,68.1,68.1,68.1,68.1,15002
2023-12-04,15.0,15.0,15.0,15.0,15.0,126598
2023-12-06,19.5,19.5,19.5,19.5,19.5,100
2023-12-08,19.75,19.9,19.5,19.5,19.5,6400
2023-12-11,15.0,15.0,15.0,15.0,15.0,146664
2023-12-12,15.0,15.0,15.0,15.0,15.0,0
2023-12-15,19.5,19.5,19.5,19.5,19.5,100
2023-12-18,41.0,41.0,41.0,41.0,41.0,67056
2023-12-22,43.05,43.05,41.0,42.0,42.0,3400
2023-12-26,27.0,27.0,27.0,27.0,27.0,135870
2024-01-02,10.0,10.0,10.0,10.0,10.0,5000
2024-01-04,10.025,10.025,10.025,10.025,10.025,35100
2024-01-08,10.0,10.0,10.0,10.0,10.0,5000
2024-01-09,10.0,10.0,10.0,10.0,10.0,500
2024-01-11,11.7,11.7,11.7,11.7,11.7,150
2024-01-12,16.9,18.0,16.9,17.9,17.9,3590
2024-01-16,10.0,10.0,10.0,10.0,10.0,3333
2024-01-19,13.0,13.0,11.0,11.19,11.19,1003
2024-01-22,10.0,16.9,10.0,16.9,16.9,10600
2024-01-23,21.97,21.97,21.97,21.97,21.97,100
2024-01-24,28.56,28.56,28.56,28.56,28.56,104
2024-01-25,39.25,43.15,39.25,43.15,43.15,200
2024-01-29,43.0,43.0,43.0,43.0,43.0,5700
2024-02-01,43.0,43.0,43.0,43.0,43.0,300
2024-02-05,10.0,10.0,10.0,10.0,10.0,5000
2024-02-06,11.0,14.3,11.0,14.3,14.3,1000
2024-02-07,14.3,17.085,14.3,17.085,17.085,3401
2024-02-08,17.09,17.09,17.09,17.09,17.09,1500
2024-02-12,10.29,10.29,10.29,10.29,10.29,22324
2024-02-14,10.29,10.29,10.29,10.29,10.29,200
2024-02-20,12.0,12.0,12.0,12.0,12.0,77601
2024-02-21,12.01,12.02,12.0,12.0,12.0,500
2024-02-22,15.6,15.6,12.0,15.6,15.6,200
2024-02-23,16.0,16.0,15.6,15.6,15.6,12600
2024-02-26,19.0,19.0,19.0,19.0,19.0,104880
2024-02-27,19.0,19.0,19.0,19.0,19.0,1489
2024-02-28,24.7,24.7,24.7,24.7,24.7,100
2024-03-01,28.6,28.6,28.6,28.6,28.6,400
2024-03-04,30.0,30.0,30.0,30.0,30.0,178070
2024-03-05,30.0,30.0,30.0,30.0,30.0,500
2024-03-07,33.75,33.75,33.75,33.75,33.75,1000
2024-03-08,39.0,39.0,36.375,36.375,36.375,700
2024-03-11,23.0,23.0,23.0,23.0,23.0,300839
2024-03-18,20.16,21.0,20.16,21.0,21.0,131317
2024-03-19,27.3,27.3,27.3,27.3,27.3,300
2024-03-25,12.0,12.0,12.0,12.0,12.0,87636
2024-03-27,12.0,12.0,12.0,12.0,12.0,458
2024-04-01,19.55,19.55,19.55,19.55,19.55,271229
2024-04-02,19.55,19.55,19.55,19.55,19.55,0
2024-04-08,13.0,13.0,13.0,13.0,13.0,84705
2024-04-11,9.1,9.1,9.1,9.1,9.1,1301
2024-04-15,25.0,25.0,25.0,25.0,25.0,105952
2024-04-16,25.13,25.13,25.13,25.13,25.13,2
2024-04-22,15.0,15.0,15.0,15.0,15.0,2
2024-04-29,24.89,24.89,24.89,24.89,24.89,87244
2024-05-06,18.32,18.32,18.32,18.32,18.32,53832
2024-05-13,27.6,27.6,27.6,27.6,27.6,2
2024-05-20,10.0,10.0,10.0,10.0,10.0,23000
2024-05-29,13.0,13.0,13.0,13.0,13.0,100
2024-06-03,13.0,13.0,13.0,13.0,13.0,11234
2024-06-07,12.5,13.0,12.5,13.0,13.0,7714
2024-06-10,19.0,19.5,19.0,19.5,19.5,162655
2024-06-11,19.5,19.5,19.5,19.5,19.5,0
2024-06-13,25.35,25.35,25.35,25.35,25.35,2
2024-06-17,17.99,17.99,17.99,17.99,17.99,314540
2024-06-24,18.01,18.01,18.01,18.01,18.01,6810
2024-07-01,26.0,26.0,26.0,26.0,26.0,123036
2024-07-08,21.33,21.33,21.33,21.33,21.33,105138
2024-07-09,22.01,22.01,19.99,22.01,22.01,1858
2024-07-10,21.33,21.33,21.33,21.33,21.33,0
2024-07-15,22.0,22.0,22.0,22.0,22.0,35718
2024-07-19,28.6,28.6,28.6,28.6,28.6,104
2024-07-22,18.33,18.33,18.33,18.33,18.33,87655
2024-07-23,23.82,23.82,23.82,23.82,23.82,100
2024-07-29,16.0,16.0,14.44,16.0,16.0,374952
2024-07-30,20.8,20.8,20.8,20.8,20.8,100
2024-08-05,21.0,21.0,21.0,21.0,21.0,79224
2024-08-12,77.4,77.4,77.4,77.4,77.4,2
2024-08-19,13.0,13.0,13.0,13.0,13.0,5
2024-08-21,16.0,16.0,0.98,0.98,0.98,25100
2024-08-22,0.98,0.98,0.92,0.92,0.92,7040
2024-08-23,0.644,1.54,0.644,1.54,1.54,1300
2024-08-26,19.32,19.32,19.32,19.32,19.32,35676
2024-08-29,25.11,25.11,25.11,25.11,25.11,100
2024-08-30,25.11,25.11,25.11,25.11,25.11,400
2024-09-03,16.0,16.0,16.0,16.0,16.0,107176
2024-09-04,20.8,20.8,20.8,20.8,20.8,100
2024-09-09,19.33,19.33,19.33,19.33,19.33,170082
2024-09-10,25.12,25.12,25.12,25.12,25.12,100
2024-09-11,32.65,93.23,32.65,93.23,93.23,2700
2024-09-12,266.24,266.24,266.24,266.24,266.24,4288
2024-09-16,15.0,15.0,15.0,15.0,15.0,3
2024-09-23,10.0,10.0,9.95,9.95,9.95,5123
2024-09-24,9.95,9.95,9.95,9.95,9.95,12
2024-09-26,9.95,9.95,9.95,9.95,9.95,400
2024-09-30,35.0,35.0,35.0,35.0,35.0,99333
2024-10-03,45.5,45.5,45.5,45.5,45.5,100
2024-10-07,18.22,18.22,18.22,18.22,18.22,82524
2024-10-08,23.7,23.7,23.7,23.7,23.7,200
2024-10-10,30.81,30.81,30.81,30.81,30.81,10100
2024-10-14,15.5,15.5,15.5,15.5,15.5,87055
2024-10-18,15.0,20.0,15.0,16.0,16.0,400
2024-10-21,10.01,10.01,10.01,10.01,10.01,1
2024-10-28,16.78,16.78,16.78,16.78,16.78,92834
2024-11-04,24.11,24.11,24.11,24.11,24.11,1
2024-11-11,23.33,23.33,23.33,23.33,23.33,148952
2024-11-12,30.32,30.32,30.32,30.32,30.32,10
2024-11-18,19.44,19.44,19.44,19.44,19.44,5600
2024-11-19,12.4,12.4,12.4,12.4,12.4,400
2024-11-22,20.95,27.23,20.95,27.23,27.23,400
2024-11-25,23.0,23.0,23.0,23.0,23.0,144155
2024-11-26,38.87,38.87,38.87,38.87,38.87,325
2024-12-02,17.9,17.9,17.9,17.9,17.9,46696
2024-12-09,16.54,16.54,16.54,16.54,16.54,76200
2024-12-10,21.5,21.5,21.5,21.5,21.5,100
2024-12-12,36.33,36.33,36.33,36.33,36.33,933
2024-12-16,21.0,21.0,21.0,21.0,21.0,79030
2024-12-19,14.7,14.7,14.7,14.7,14.7,100
2024-12-20,27.3,27.3,27.3,27.3,27.3,150
2024-12-23,15.34,15.34,15.34,15.34,15.34,16733
2024-12-30,25.62,25.62,25.62,25.62,25.62,88956
2025-01-06,11.0,11.0,11.0,11.0,11.0,4000
2025-01-13,10.0,10.0,10.0,10.0,10.0,1000
2025-01-14,7.0,7.0,6.3,6.3,6.3,600
2025-01-15,9.1,9.1,9.1,9.1,9.1,100
2025-01-21,23.88,23.88,23.88,23.88,23.88,30977
2025-01-27,18.88,18.88,18.88,18.88,18.88,107368
2025-01-31,24.54,24.54,24.54,24.54,24.54,133
2025-02-03,22.55,22.55,22.55,22.55,22.55,21
2025-02-10,18.55,18.55,18.55,18.55,18.55,48905
2025-02-18,22.66,22.66,22.66,22.66,22.66,1
2025-02-24,18.33,18.33,18.33,18.33,18.33,10
2025-03-03,32.45,32.45,32.45,32.45,32.45,166539
2025-03-07,42.18,42.18,42.18,42.18,42.18,100
2025-03-10,18.25,18.25,18.25,18.25,18.25,47422
2025-03-12,23.72,52.09,23.72,52.09,52.09,1750
2025-03-13,43.18,43.18,43.18,43.18,43.18,4055
2025-03-17,20.68,20.68,20.68,20.68,20.68,124993
2025-03-24,24.66,24.66,24.66,24.66,24.66,34210
2025-03-31,26.88,26.88,26.88,26.88,26.88,2
2025-04-07,18.65,19.33,18.65,18.65,18.65,51404
2025-04-08,24.24,24.24,24.24,24.24,24.24,100
2025-04-14,22.33,22.33,22.33,22.33,22.33,45011
2025-04-21,23.78,23.78,23.78,23.78,23.78,60168
2025-04-23,1.01,1.01,1.01,1.01,1.01,300
2025-04-25,25.0,25.0,25.0,25.0,25.0,103
2025-04-28,31.88,31.88,31.88,31.88,31.88,203882
2025-05-05,40.81,40.81,40.81,40.81,40.81,114742
2025-05-12,10.0,10.0,10.0,10.0,10.0,2
2025-05-19,12.53,12.53,12.53,12.53,12.53,96789
2025-05-27,25.5,25.5,25.5,25.5,25.5,182226
2025-06-02,10.0,10.0,10.0,10.0,10.0,5000
2025-06-06,0.7,0.7,0.7,0.7,0.7,1100
2025-06-09,10.0,10.0,10.0,10.0,10.0,5000
2025-06-13,0.7,0.7,0.7,0.7,0.7,11000
2025-06-16,26.52,26.52,26.52,26.52,26.52,15111
2025-06-23,21.66,21.66,21.66,21.66,21.66,10
2025-06-30,16.23,16.23,16.23,16.23,16.23,71428
2025-07-07,21.0,21.0,21.0,21.0,21.0,17365
2025-07-14,13.21,13.21,13.21,13.21,13.21,72572
2025-07-16,10.0,10.0,10.0,10.0,10.0,2
2025-07-21,21.5,21.5,21.5,21.5,21.5,2
2025-07-28,15.19,15.19,15.19,15.19,15.19,169811
2025-08-04,19.4,19.4,19.4,19.4,19.4,112340
